MARKET GAP ANALYSIS — Where Apollo can lead, not just react;;;;;;;;;;;
Updated monthly. Gaps = sectors, geographies, products or capabilities underserved by current market participants. Apollo opportunity = where we can move first or differentiate.;;;;;;;;;;;
SECTION A — IDENTIFIED MARKET GAPS & APOLLO OPPORTUNITY;;;;;;;;;;;
Gap / Opportunity;Category;"Market Size
(est.)";"Competitors
Active Here?";"Competitor
Activity Level";"Apollo
Currently Here?";"Apollo
Readiness (H/M/L)";"Recommended
Action";"Priority
(H/M/L)";"Timeline
to Act";"Owner
(Apollo)";Status / Notes
"Mid-market C&I (500kW–5MW demand)
Too big for rooftop solar, too small for bespoke long-term PPA";Customer Segment;Thousands of businesses nationally;Discovery Green / Ampli only — and very new;Low — most traders ignore this tier;[ Enter ];[ Enter ];Develop a standardised, flexible product specifically for mid-market. Shorter tenure (1–3 yr). Simple onboarding. Compete on ease, not just price.;High;0–6 months;[ Owner ];Ampli Energy is the only real mover here. Month-to-month product is disruptive. Apollo needs a response or a differentiated angle.
"Agricultural sector
(Agri-processing, cold storage, irrigation, packhouses)";Customer Segment;Large — agri is 3rd largest electricity consumer sector in SA;None visibly targeting agriculture;None — complete white space;[ Enter ];[ Enter ];Identify 5–10 large agri-processing or cold storage businesses as pilot targets. Build an agri-specific value proposition around seasonal demand flexibility.;High;0–9 months;[ Owner ];No publicised agriculture PPAs found across any competitor. Clean green energy + water/carbon story resonates strongly in agri export sector.
"Data centres & hyperscaler facilities
(24/7 baseload, high volume, sustainability-driven)";Customer Segment;Fast-growing — SA attracting major hyperscaler investment;NOA Group (stated target) — no confirmed deals yet;Very low — early-stage interest only;[ Enter ];[ Enter ];Approach SA data centre operators and hyperscaler site selectors now. Develop a blended wind/solar/BESS product for 24/7 coverage. This customer class will need 100MW+ supply.;High;3–12 months;[ Owner ];NOA named data centres as target sector. No one has signed a deal. First mover wins credibility. SA's data centre market is accelerating.
"Short-tenure PPAs (1–5 year)
Flexible contracts aligned to business planning cycles";Product / Contract;All C&I sectors;Enpower only (pioneered 5-yr with Sappi);Low — one deal, not a product strategy;[ Enter ];[ Enter ];Build a formal short-tenure PPA product with standard terms, clear pricing methodology and fast turnaround. As SAWEM approaches, buyers will demand more flexibility.;High;0–6 months;[ Owner ];Enpower called 5-yr PPA a 'game-changer' and 'market-first.' Apollo should build on this signal and develop a competing flexible product before others do.
"Municipal supply agreements (municipalities as buyers)
Not just as grid owners, but as energy customers";Geography / Channel;95+ municipalities across SA;BluEnergy only (Feb 2026 licence, not yet trading);Very low — only BluEnergy positioned here;[ Enter ];[ Enter ];Identify 3–5 progressive municipalities open to buying renewable energy for their own infrastructure. Use revenue-neutral model. Build relationships before BluEnergy operationalises.;Medium;6–18 months;[ Owner ];BluEnergy has Cigicell infrastructure advantage in 95+ municipalities. Apollo needs a differentiated angle — possibly local content, local IPPs, or community benefit.
"Cross-border / SAPP trading
(Import/Export licence for SADC energy flows)";Geography / Regulatory;Regional — Southern African Power Pool;GreenCo (focused), Enpower (licence granted Jul 2025), NTCSA;Low among private traders — GreenCo is the only active cross-border operator;[ Enter ];[ Enter ];Assess feasibility of applying for an Import/Export licence. Would make Apollo one of only 3 private traders with cross-border capability. Particularly valuable as SA grid opens.;Medium;6–18 months;[ Owner ];Only 2 private companies hold I/E licences. Cross-border is structurally important as SA integrates into SAPP. Early positioning has regulatory and commercial value.
"BESS-backed firm power product
Battery storage enabling 24/7 or peak-guarantee supply";Product / Technology;All sectors needing baseload certainty;NOA (adding BESS to Khauta complex), Etana (blended portfolio);Low — few traders have a BESS-specific product;[ Enter ];[ Enter ];Develop a storage-backed 'firm power' product in partnership with a BESS IPP. Positions Apollo as solving the intermittency problem — a key objection from industrial buyers.;Medium;6–18 months;[ Owner ];The single biggest objection from large industrial buyers is 'what happens at night / when wind drops.' A BESS-backed firm product directly addresses this.
"Retail / FMCG / cold chain sector
(Food manufacturing, retail distribution, cold storage)";Customer Segment;High electricity intensity, national footprint;EXSA (Woolworths, Siqalo Foods) — early mover;Low — EXSA has a few deals but not a sector strategy;[ Enter ];[ Enter ];Develop targeted outreach to SA's top 20 food manufacturers and cold chain operators. Multi-site, multi-province deals align well with Apollo's aggregation capability.;Medium;3–12 months;[ Owner ];EXSA's Woolworths deal signals this sector is opening up. Multi-site retail and FMCG is a natural fit for a trader who can manage complex wheeling across provinces.
"SME / multi-tenant commercial property
(Smaller offices, light industrial parks, mixed-use)";Customer Segment;Very large — SMEs = 98% of SA businesses;Ampli Energy (Discovery Green + Sasol) — month-to-month;"Low — only Ampli targeting this; product very new";[ Enter ];[ Enter ];Consider a co-branded or white-label product for commercial property managers to offer tenants. Leverages existing Reunert Group relationships.;Low–Medium;12–24 months;[ Owner ];Ampli's month-to-month cashback model is disruptive for SMEs. Apollo's differentiation could be through property management relationships via Reunert.
"Hospitals, healthcare & education
(Uninterrupted supply critical; ESG reporting growing)";Customer Segment;"Steady, predictable demand; long-term relationships";None identified targeting healthcare or education;None — complete white space;[ Enter ];[ Enter ];Approach private hospital groups (Mediclinic, Netcare, Life Healthcare) and large private universities. Reliable supply + ESG credentials are key buying criteria here.;Medium;6–18 months;[ Owner ];Mediclinic is a Remgro company (EXSA parent). Apollo could target Netcare, Life Healthcare. Education sector (universities, private schools) has large campuses and ESG mandates.
;;;;;;;;;;;
?? HIGH priority gap — move now;;;;?? MEDIUM — plan and watch;;;;?? LOW–MEDIUM — horizon opportunity;;;
;;;;;;;;;;;
SECTION B — WHERE COMPETITORS ARE CONCENTRATING (by sector — update monthly);;;;;;;;;;;
Sector / Segment;"Heavily Contested
(3+ traders active)";"Moderately Contested
(1–2 traders)";"Underserved
(0–1 traders)";"Apollo
Currently Active?";"Apollo
Opportunity Level";;;;;;
Large mining (gold, PGMs, iron ore);? Etana, NOA, Envusa, Enpower, PowerX;;;[ Enter ];Low — very crowded;;;;;;
Large C&I manufacturing;? Multiple traders;;;[ Enter ];Moderate — differentiation needed;;;;;;
Commercial real estate / property;;? Etana (Growthpoint), NOA (OMREHC), EXSA;;[ Enter ];Moderate;;;;;;
Retail (food, clothing);;? EXSA (Woolworths, Siqalo);;[ Enter ];Moderate — room for more;;;;;;
Mid-market C&I (500kW–5MW);;? Ampli (new);;[ Enter ];HIGH — first-mover opportunity;;;;;;
Agriculture / agri-processing;;;? None identified;[ Enter ];HIGH — complete white space;;;;;;
Data centres / tech;;? NOA (stated, no deals);;[ Enter ];HIGH — early mover advantage;;;;;;
Municipalities as buyers;;? BluEnergy (new, not yet trading);;[ Enter ];HIGH — BluEnergy not yet active;;;;;;
Healthcare / education;;;? None identified;[ Enter ];HIGH — complete white space;;;;;;
Cross-border / SAPP;;? GreenCo, Enpower (I/E licence);;[ Enter ];Medium — licence required;;;;;;
Smelting / ferrochrome;;? NOA (Tronox, MMC);;[ Enter ];Moderate;;;;;;
SME / small commercial;;? Ampli (very new);;[ Enter ];Medium — Ampli has head start;;;;;;
;;;;;;;;;;;
;;;;;;;;;;;
SECTION C — APOLLO DIFFERENTIATION LEVERS (what makes Apollo the smarter choice);;;;;;;;;;;
Lever — Apollo Competitive Advantage  |  How to Activate;;;;;;;;;;;
Reunert Group backing;;;Financial credibility and balance sheet strength. Use this to offer payment guarantees and longer-tenor products that smaller traders cannot match.;;;;;;;;
Pure-play trader positioning;;;Apollo has no IPP parent pushing its own projects. This is a genuine differentiator — Apollo can source from any IPP, giving customers a truly independent, best-of-market portfolio.;;;;;;;;
Speed and flexibility;;;Smaller team than IPP-linked traders means faster deal execution. Market this aggressively. 'We can be in market faster than anyone else.';;;;;;;;
Sector specialisation;;;Pick 1–2 underserved sectors (e.g. agriculture, data centres) and go deep. Build case studies, sector-specific pricing, dedicated relationships. Become known as the expert in those sectors.;;;;;;;;
Short-tenure PPA leadership;;;Build the best 1–5 year product in the market. As SAWEM approaches, this becomes the market-standard contract. Apollo should own this space.;;;;;;;;
Thought leadership / market education;;;Most buyers still do not understand how trading works. Apollo's comms strategy should educate the market. The brand that teaches the market often wins the market.;;;;;;;;
