APOLLO AFRICA - COMPETITIVE INTELLIGENCE TRACKER;;;;;;;;;;;;;;;;;;;
;;;;;;;;;;;;;;;;;;;
South African Electricity Trading Market  |  Updated Monthly  |  Confidential;;;;;;;;;;;;;;;;;;;
;;;;;;;;;;;;;;;;;;;
Reporting Period:;Month YYYY;;Prepared by:;Apollo Team;;;;;;;;;;;;;;;
;;;;;;;;;;;;;;;;;;;
Competitors Tracked;;;Deals Logged;;;Regulatory Updates;;;;;;;;;;;;;
23;;;17;;;22;;;;;;;;;;;;;
;;;;;;;;;;;;;;;;;;;
Comms Updates;;;Leadership Changes;;;Activity Log Entries;;;;;;;;;;;;;
58;;;1;;;1;;;;;;;;;;;;;
;;;;;;;;;;;;;;;;;;;
KEY OBSERVATIONS THIS MONTH;;;;;;;;;;;;;;;;;;;
1.  Market Trend;[ Enter observation here ];;;;;;;;;;;;;;;;;;
2.  Competitor to Watch;[ Enter observation here ];;;;;;;;;;;;;;;;;;
3.  Regulatory Development;[ Enter observation here ];;;;;;;;;;;;;;;;;;
4.  Deal Activity;[ Enter observation here ];;;;;;;;;;;;;;;;;;
5.  Apollo Positioning Note;[ Enter observation here ];;;;;;;;;;;;;;;;;;
;;;;;;;;;;;;;;;;;;;
APOLLO AFRICA - OWN POSITIONING & TEAM REFERENCE;;;;;;;;;;;;;;;;;;;
Internal reference only - use when writing competitor comparisons, content, and exec briefings. Not a competitor row.;;;;;;;;;;;;;;;;;;;
COMPANY OVERVIEW;;;;;;;;;;;;;;;;;;;
Company;Apollo Africa (Pty) Ltd - CBI Electric Apollo as NERSA trading entity;;;;;;;;;;;;;;;;;;
Parent Group;Reunert Limited: JSE-listed since 1948, founded 1888. ;;;;;;;;;;;;;;;;;;
Type of Trader;Pure-play licensed electricity trader - no IPP parent, no asset bias. Sources from best available IPPs in the market.;;;;;;;;;;;;;;;;;;
NERSA Licence;Trading licence granted October 2024 (CBI Electric Apollo entity). Part of batch challenged by Eskom -  legal challenge suspended July 2025 pending trading rules (due June 2026).;;;;;;;;;;;;;;;;;;
Headquarters;Remote with offices planned to be opened CPT and JHB;;;;;;;;;;;;;;;;;;
Website;apolloafrica.co.za;;;;;;;;;;;;;;;;;;
LinkedIn;linkedin.com/company/apolloafrica;;;;;;;;;;;;;;;;;;
Target Market;Large C&I offtakers. Mid-market corporates.;;;;;;;;;;;;;;;;;;
Key Differentiator;Pure-play independence - Apollo sources from any IPP, no conflicts of interest from owned assets. Backed by Reunert's institutional strength and balance sheet.;;;;;;;;;;;;;;;;;;
BRAND & MESSAGING;;;;;;;;;;;;;;;;;;;
Tag Line;Green Energy. Expertly sourced, seamlessly delivered.;;;;;;;;;;;;;;;;;;
Brand Colours;;;;;;;;;;;;;;;;;;;
Brand Font;;;;;;;;;;;;;;;;;;;
Value Proposition;We source and secure energy from tier 1 renewable energy projects to supply your business so that you can gain long-term price certainty and reduce emissions through low carbon power.;;;;;;;;;;;;;;;;;;
Content Tone;Approachable and educational. Neutral on all market participants. No negative Eskom commentary. Formula: market truth ? Apollo solves it. 150–250 words per LinkedIn post. Conversational but authoritative.;;;;;;;;;;;;;;;;;;
LinkedIn Cadence;2 posts/week, Q2 2026 content calendar. Mix: written posts, carousels, short articles, polls, video scripts, 2 culture posts/month.;;;;;;;;;;;;;;;;;;
Thought Leadership;"Blog at apolloafrica.co.za/industrynews - 4 pieces published 2025–2026:
• 'Energy Trading as a Pillar of Electricity Market Reform' - Nico de Bruyn (Mar 2026)
• 'SA's Critical Need for Wind Power Post-2030' - Jenna Harris (Apr 2025)
• 'SA Energy Sector in 2025: A Year of Transformation' (Mar 2025)";;;;;;;;;;;;;;;;;;
CURRENT TEAM — April 2026;;;;;;;;;;;;;;;;;;;
CEO;Nico de Bruyn — previously CEO of BlueNova Energy (Reunert Group). Author of 'Energy Trading as a Pillar of Electricity Market Reform' (Mar 2026). Primary public spokesperson for Apollo going forward.;;;;;;;;;;;;;;;;;;
COO;Ed Cameron;;;;;;;;;;;;;;;;;;
Trading & Risk Manager;Zeean Mahmood;;;;;;;;;;;;;;;;;;
Legal Counsel;Stefan Pretorius;;;;;;;;;;;;;;;;;;
Sales & BD Executive;Sheldon Bailey;;;;;;;;;;;;;;;;;;
Business Development Managers;Trevor Gore  |  Nick Jansen  |  Ryan Van Es  |  Bheki Moyo;;;;;;;;;;;;;;;;;;
BD - Generation Side;Raymond Takuba;;;;;;;;;;;;;;;;;;
Office Management;Ilse Laupp;;;;;;;;;;;;;;;;;;
Marketing & Communications;Aly Buttery;;;;;;;;;;;;;;;;;;
;;;;;;;;;;;;;;;;;;;
COMPETITIVE POSITIONING - How Apollo differs from key competitors;;;;;;;;;;;;;;;;;;;
vs Etana Energy;;;;;;;;;;;;;;;;;;;
vs NOA Group;"NOA owns its own generation assets and has AIIM/R3.9bn equity. Apollo differentiator: pure-play, no asset bias — Apollo will always find the best IPP for the customer, not its own. NOA's scale is a threat; Apollo's independence is the counter.";;;;;;;;;;;;;;;;;;
vs Enpower Trading;Enpower pioneered municipal wheeling and short-tenure PPAs. Apollo opportunity: adopt the 5-year PPA model and compete on flexibility + Reunert financial credibility.;;;;;;;;;;;;;;;;;;
vs Discovery Green / Ampli;Ampli's month-to-month model targets SMEs Apollo doesn't serve. Apollo opportunity: mid-market (500kW–5MW) is between Ampli's SME focus and Apollo's large C&I. Apollo should build a standardised product for this tier before others do.;;;;;;;;;;;;;;;;;;
vs EXSA;EXSA is Remgro/RMB backed — institutional peer. Apollo differentiator: wind-first strategy vs EXSA's solar-first portfolio. Apollo's blended supply model is technically superior for 24/7 customers.;;;;;;;;;;;;;;;;;;
Core Apollo Message;Apollo Africa is not just a licensed trader, it is a pure-play trader backed by the institutional strength of a JSE-listed group with 135 years of South African roots. No IPP parent. No asset agenda. Just the best energy solution for your business.;;;;;;;;;;;;;;;;;;
;;;;;;;;;;;;;;;;;;;
COMPETITOR PROFILES;;;;;;;;;;;;;;;;;;;
One row per competitor. Update only when fundamentals change.;;;;;;;;;;;;;;;;;;;
Competitor Name;Type of Trader;Key Owners / Shareholders;Target Market;Tag Line;Value Proposition / Positioning;Mission;Vision;Website;LinkedIn;NERSA License #;License Status;Estimated Market Position;Import / Export;SAPP Market Participant;GPPA (GWh);CPPA (GWh);Municipal Connected Offtakers;HQ / Region;Notes / Intel
Etana Energy;Pure play trader with a preference (non-exclusive) for offtake from projects with H1 Holdings interests;H1 Holdings (51%) & Chariot (49%). Norfund. Standard Bank. British International Investment. GuarantCo.;Primary: Large C&I offtakers. Secondary Mid-market corporates;Solving Your Business Needs Through Flexible, Renewable Energy Solutions. Clean and Simple. Electricity is a critical input to your business - let’s flip the switch and make it work for you.;Etana Energy is revolutionising how businesses access clean, affordable power. Through the energy wheeling model, we provide direct access to renewable electricity generated from our portfolio of wind and solar projects across South Africa.;NA;NA;https://www.etana.energy/;https://www.linkedin.com/company/etana-energy;;;;;;;;;;
NOA Group;IPP linked, own assets;AIIM (Old Mutual);"Large, stable anchor offtakers

Mining houses
Smelters
Large industrials";The potential of zero;NOA is a leading South African renewable energy independent power producer and aspirant trader, empowering commercial and industrial companies to reach their net zero goals and secure long-term energy savings.;NA;NA;https://noagroup.africa/;https://www.linkedin.com/company/noa-group-africa;;;;;;;;;;
Enpower Trading;Pure play trader with a preference (non-exclusive) for offtake from projects owned by SolarAfrica;Privately Held (management team);Primary: Large C&I offtakers. Secondary Mid-market corporates;Putting the Power Back in Your Hands;"By catalysing the energy merchant market and delivering utility-scale green energy solutions, Enpower Trading is accelerating private investment into new generation capacity.

From our diverse portfolio of IPP suppliers, we offer commercial and industrial clients the ability to buy greener energy on flexible contracts, with zero capital outlay.";NA;;https://enpowertrading.co.za/;https://www.linkedin.com/company/enpowertrading;;;;;;;;;;
EXSA (Energy Exchange of Southern Africa;Pure play trader;Remgro & RMB;Primary: Large C&I offtakers. Secondary Mid-market corporates;Bespoke Wheeled energy solutions;They position themselves as the platform that makes renewable energy procurement simple, reliable, and financially predictable for businesses.;"Delivering innovative energy solutions that are seamless, impactful, and pioneering.
We’re redefining the path to a cleaner, more resilient future – providing affordable and accessible electricity for a brighter, more sustainable Southern Africa.";"A sustainable solution to Africa’s energy challenges.
We see a future where Africa is powered by clean, reliable, and affordable energy — fuelling growth, businesses and uplifting communities across the continent.";https://exsa.io/;https://www.linkedin.com/company/energy-exchange-of-southern-africa2;;;;;;;;;;
GreenCo Power Services;Pure play trader focusing on cross border trading and SAPP market;Africa GreenCo (Founder, Ana Hajduka);Cross Border: Utilites, Governments, Large regional buyers, traders;A Continent Energized;GreenCo delivers tailored energy solutions that help businesses, utilities, and renewable energy developers thrive in today’s evolving market. Whether you produce, transfer or consume power, GreenCo provides reliable, cost-effective, full-service solutions that meet your needs.;Addressing creditworthiness to increase generation and growth of renewable energy markets through partnerships and innovative solutions.;NA;Africa GreenCo;https://www.linkedin.com/company/africa-greenco;;;;Yes ;Yes ;;;;;
Discovery Green /Ampli Energy;Pure play trader;Discovery Holdings;Large C&I offtakers.  Mid-market corporates. SME Municipal;The future of energy. Now.;The renewable energy platform for businesses that converts 90% of your electricity demand into affordable, price-certain, green energy.;Our mission is to establish South Africa as the global leader in renewable energy.;NA;https://www.discovery.co.za/business/discovery-green;None;;;;;;;;;;
SolarAfrica Trading;IPP linked, own assets;Solar Africa, IPP. AIIM, Helios Investment Partners;;Leaders in energy solutions for businesses;For over a decade, we’ve provided energy solutions that offer cost savings, carbon reduction and power security to South African businesses.;NA;NA;https://solarafrica.com/;https://www.linkedin.com/company/solarafricasa;;;;;;;;;;
Sola Group;IPP linked, own assets;AREP (African Rainbow Energy & Power). SOLA Group (Large scale IPP);;Postive + Energy. The SOLA group has been delivering innovative clean energy solutions since 2008;SOLA is a 100% South African, vertically integrated renewable energy company that provides solar infrastructure, generation and energy storage. SOLA delivers clean energy to businesses across South Africa using cutting edge generation and energy storage technologies. We help our clients to grow and prosper through the adoption of low cost and reliable renewable energy.;NA;NA;https://solagroup.co.za/;https://www.linkedin.com/company/sola-group-africa;;;;;;;;;;
Solink;IPP;;;South Africa's Independent Renewble Energy Consultant, Project Developer & Facilitator;"SOLINK is a leading technical advisor and project facilitator in renewable energy and battery energy storage. Our expertise spans rooftop and carport solar projects, large ground-mount site development, battery energy storage and efficient wheeled energy solutions.

We manage every aspect of your commercial solar project — from initial feasibility study to construction oversight and final commissioning. With a deep understanding of renewable energy engineering, construction, and financing, we deliver tailored solutions informed by the latest local market insights.

Our independent, client-first approach means you get unbiased renewable energy advice, no installer bias, no conflicts of interest. Just the most efficient, cost-effective solution for your business.";Unlock Africa's renewable energy potential by leveraging local and international experience, industry contacts, and expertise in renewable energy development, construction, and project financing — across solar PV, battery storage and wheeled energy solutions;NA;https://solink.co.za/;https://www.linkedin.com/company/solink-pty-ltd;;;;;;;;;;
Energy Brokers;Energy brokers;;;Wheeled Energy Brokerage;Secure lower energy costs through vetted wheeled energy projects. We source, structure, and verify energy solutions, so you don't have to run a time-consuming, complex procurement process.;NA;NA;https://energy-brokers.co.za/;https://www.linkedin.com/company/energybrokers;;;;;;;;;;
Envusa Energy Trading;IPP linked, JV between EDF and Anglo, mostly own assets;EDF Energy Solutions, Anglo American;;Connecting you to sustainable energy ecosystems;Envusa Energy merges innovation, engineering prowess, and renewable energy solutions, to generate reliable, clean energy, to power a low-carbon future for Southern Africa.;NA;NA;https://envusa.com/;None;;;;;;;;;;
Green Electron Market;IPP linked, own assets;Sturdee Energy (Large-Medium scale IPP);;African Independent Electron Provider;"Integrated Renewable Energy Company
Sturdee Energy develops, owns and operates renewable energy projects to supply power to government utilities, large corporates and industrial clients in sub-Saharan Africa. Our focus is across solar PV, wind, and battery storage technologies.";The sustainable delivery of predictable economic and social returns to our investors and communities, through the development, ownership and operation of power projects in Africa as an Independent Electron Provider (IEP).;To deliver economic growth and socio-economic development to Africa through the production of reliable renewable energy;https://sturdee-energy.com/;https://www.linkedin.com/company/sturdee-energy;;;;;;;;;;
Lyra Energy ;IPP linked, own assets;Scatec, Stanlib, Standard Bank;;Lyra Energy is the smart, flexible private power supplt solution for industry.;Lyra Energy offers renewable energy from utility scale generation projects to private commercial and industrial users, at a discount to utility supply - through a flexible contracting structure.;NA;NA;Homepage - Lyra Energy;https://www.linkedin.com/company/lyra-energy;;;;;;;;;;
Investec Trading;Financial Institution;Investec Bank;;Energy Trading. Shaping South Africa's energy future, together.;"Investec helps shape a sustainable, efficient, and resilient energy future by enabling access to reliable, renewable power.

With our electricity trading licence, we guide clients through South Africa’s dynamic power market, offering tailored solutions to grow businesses, manage risk and create new possibilities.

By combining advanced technology, market access, and renewable energy partnerships, Investec is uniquely positioned to deliver measurable impact for clients while contributing to national energy security and decarbonisation.";NA;NA;https://www.investec.com/en_za/investec-for-corporates/campaigns/energy-trading.html;None;;;;;;;;;;
Solis Energy Trading;IPP linked, own assets;Mainstream Renewable Power;;Power your future with Solis Energy!;Welcome to Solis Energy, where innovation meets sustainability to redefine your power consumption. In a world leaning towards green, we stand at the forefront, guiding households into a future where energy is not just consumed, but conscientiously generated, stored, and utilized.;;;https://solis.energy/;No LinkedIn. Only FB, Insta and X;;;;;;;;;;
LinkSolar (Pty) Ltd;TBA;LinkSolar (Pty) Ltd;;Affordable Renewable Energy, Simplified;We deliver clean power seamlessly, saving you time, money, and emissions from day one.;;;https://linksolar.co.za/;https://www.linkedin.com/company/linksolarza;;;;;;;;;;
Neura Trading;Pure play trader;Nerua Group;Primary: Large C&I offtakers. Secondary Mid-market corporates;Neura is an energy technology business;NEURA has developed proprietary hardware, software and business applications that make it uniquely positioned to provide technological solutions for the Energy Sector in South Africa.;;;https://neura.solutions/home3/;None;;;;;;;;;;
BluEnergy Trading;Pure play trader;Subsidiary of JSE listed Blu Label unlimited;Municipal;BluEnergy Solutions. Renewable energy acess - made practical for South Africa.;"BluEnergy Solutions is an energy solutions company helping municipalities and large power users unlock renewable electricity through licensed trading capability and a delivery model built on real market infrastructure.

We leverage group experience and operational reach through our affiliations with Blu Label Unlimited and CigiCell—bringing execution strength, governance, and deep municipal market understanding to the renewable energy transition.";;;https://bluenergysolutions.co.za/;https://www.linkedin.com/company/bluenergy-solutions;;;;;;;;;;
Anthem;IPP;;;Power with Purpose.;Anthem is one of the largest Independent Power Producers (IPP) in South Africa. We develop, finance, build, own and operate large-scale renewable energy projects, with an asset portfolio of over 2GW and more than 11GW greenfield site pipeline.;;;https://www.anthem.co.za/;https://www.linkedin.com/company/bluenergy-solutions;;;;;;;;;;
PowerX ;Pure play trader;;Primary: Large C&I offtakers. Secondary Mid-market corporates;South Africa's Most Experienced Energy Trader;POWERX is South Africa's first privately licensed electricity trader. As pioneers in the private electricity industry, we aim to promote the growth of the green economy by contracting the generation of energy from renewable sources and trading this energy to consumers seeking its benefits.;;;POWERX – Africa's Energy Exchange;https://www.linkedin.com/company/powerxsa;;;;;;;;;;
NTCSA ;;;;;;;;NTCSA – National Transmission Company South Africa;;;;;;;;;;;
Eskom Green;State-owned renewable energy subsidiary (NOT a pure trader — direct competitor to private traders for C&I customers);Eskom Holdings SOC — 100% state-owned. Minister of Electricity approved structure Dec 2025.;Large C&I offtakers currently served by Eskom grid. Same customer base as all private traders.;Shaping South Africa's energy future together;Eskom Green will develop multiple clean energy projects, offer direct PPAs to large power users at competitive tariffs from Eskom-owned renewable sites, and compete directly with private traders for C&I offtake.;To accelerate deployment of renewable energy from Eskom-owned assets and offer direct procurement to businesses, reducing reliance on coal while retaining customer relationships.;A competitive, state-backed renewable energy business operating alongside the private sector by 2030.;https://www.eskom.co.za;N/A (Eskom Holdings LinkedIn);NTCSA TRD06/2023 (NTCSA trading licence) + Eskom Green own licence pending;Active — Eskom Green approved Dec 2025. REOP programme launched Aug 2025.;Tier 1 (Large);No (domestic SA focus);Yes — Eskom is an SAPP member;N/A — still in development;N/A;Entire Eskom distribution network (40% of SA grid);Johannesburg (Megawatt Park);CRITICAL WATCH. Eskom Green formally approved Dec 2025. First REOP: 291MW solar PPAs, 5–25 yr terms, COD Dec 2027. Pipeline: 2GW by 2026, 20GW+ long-term, 32GW incl green hydrogen by 2040. Eskom also awarded Enerweb contract Dec 2025 to build Virtual Wheeling Platform — currently excludes private traders pending June 2026 rules. Structural threat: Eskom retains customer relationships, billing infrastructure, and grid control. SAETA report specifically warned against Eskom Green distorting the market.
;;;;;;;;;;;;;;;;;;;
COMMERCIAL DEALS TRACKER - IPP partnerships;;;;;;;;;;;;;;;;;;;
Log every deal — signed or rumoured. Update status as intel develops.;;;;;;;;;;;;;;;;;;;
Date Reported;Competitor;Deal Type;Counterparty / Off-taker;Generation Source;Capacity (MW);Contract Duration;Pricing Structure;Deal Status;Geographic Region;Significance (H/M/L);Source / Reference;Apollo Response / Notes;;;;;;;
Mar-25;Etana Energy;Generator PPA;Mulilo / H1 Holdings (Du Plessis Dam Solar PV2);Solar;75 MW;Long-term;Not disclosed;Signed / Financial Close;Northern Cape (De Aar);High;etana.energy company updates Mar 2025;One of first utility-scale projects with trader as sole offtaker. First solar project for Etana as offtaker.;;;;;;;
2024-Q3;Etana Energy;Generator PPA;Mulilo (Orkney Solar PV);Solar;219 MW (478 GWh pa);Long-term;Not disclosed;Signed;North West;High;etana.energy website;Etana sole offtaker. 478 GWh pa wheeled to customer portfolio.;;;;;;;
Sept-25;NOA Group;Generator PPA;Khauta South (349 MW solar, near Welkom);Solar;349 MW (1,073 GWh pa combined);Long-term;Not disclosed;Financial Close;Free State;High;pv-tech.org Jun 2025;Largest single-asset solar facility in SA at FC. Standard Bank structured Payment Guarantee Facility. Combined Khauta complex 506MW.;;;;;;;
Sept-25;NOA Group;Generator PPA;Khauta West (157 MW solar, near Welkom);Solar;157 MW;Long-term;Not disclosed;Financial Close;Free State;High;greenbuildingafrica.co.za Sep 2025;Second phase of combined 506MW Khauta complex.;;;;;;;
Dec-24;NOA Group;Generator PPA;Wind Garden Project (94.5 MW, NOA-owned);Wind;94.5 MW;Long-term;Not disclosed;Financial Close;Not disclosed;High;cbinsights.com / Standard Bank;NOA's first wholly owned large-scale wind facility.;;;;;;;
Sept-24;NOA Group;Generator PPA;Ishwati Emoyeni Wind Farm (140 MW, ACED);Wind;140 MW;Long-term;Not disclosed;Financial Close;Not disclosed;High;cbinsights.com / Standard Bank;NOA as offtaker. Standard Bank sole ML arranger.;;;;;;;
Nov-22;Enpower Trading;Generator PPA;SolarAfrica Energy (100 MW solar);Solar;100 MW;20-year;Not disclosed;Signed;National;High;engineeringnews.co.za Nov 2022;Enpower's first ever PPA. Landmark. Pioneered the trader-as-aggregator model in SA.;;;;;;;
Jun-23;Enpower Trading;Generator PPA;SolarAfrica (George, 1 MW pilot);Solar;1 MW;Long-term;Not disclosed;Active;George (Western Cape);Medium;engineeringnews.co.za Jun 2023;First live wheeling deal through George municipality. Proof of concept for municipal model.;;;;;;;
Aug-25;EXSA;Generator PPA;Seriti Green (Ummbila Emoyeni Wind, Mpumalanga);Wind;155 MW (525 GWh pa);15-year;Not disclosed;Signed / Financial Close;Mpumalanga;High;exsa.io Sep 2025 / wikipedia;R5bn project. 25 turbines. Target COD Oct 2027. EXSA procures all power.;;;;;;;
Oct-25;EXSA;Generator PPA;Sustainable Power Solutions (SPS, 5.6 MW solar, Malmesbury);Solar;5.6 MW;Long-term;Not disclosed;Signed;Western Cape (Malmesbury);Medium;wikipedia EXSA;Smaller-scale solar addition to portfolio.;;;;;;;
May-25;Discovery Green /Ampli Energy;Generator PPA;Sasol (Msenge Emoyeni 69 MW wind farm, Eastern Cape);Wind;69 MW;Long-term;Not disclosed;Active;Eastern Cape;High;discovery.co.za / sasol.com May 2025;Sasol's first wind facility used as anchor supply for Ampli Energy launch. SA's first wind facility to connect Ampli clients.;;;;;;;
May-25;Discovery Green /Ampli Energy;Generator PPA;Red Rocket (Overberg Wind Farm Phase 2, 150 MW);Wind;150 MW (489 GWh pa);Long-term;Not disclosed;Signed;Western Cape (Swellendam);High;wikipedia Ampli Energy May 2025;Unlocks Phase 2 of 150MW wind farm. Full COD expected 2027. Feeds Ampli customer base.;;;;;;;
Feb-26;Lyra Energy;Generator + Customer PPA;Thakadu Solar (255 MW) + 3 unnamed C&I offtakers;Solar;255 MW (2-phase);Fixed-tenor;Not disclosed;Signed / Pre-FC;Not disclosed;High;pv-tech.org / scatec.com Feb 2026;Lyra's first solar plant. Scatec delivers EPC+O&M. FC and construction Q1 2026. Signals Lyra scaling fast.;;;;;;;
Mar-25;PowerX;Generator PPA;Yellow Door Energy (Naledi Ya YDE Solar Park, 24.5 MW);Solar;24.5 MW (57.5 GWh pa);20-year;Not disclosed;Signed;North West (Leeudoringstad);Medium;pv-magazine.com Mar 2025;Construction mid-2025, commissioning 2026. Small-medium offtaker access focus.;;;;;;;
Apr-25;PowerX;Generator PPA;SolarAfrica (60 MW);Solar;60 MW;Long-term;Not disclosed;Signed;National;High;engineeringnews.co.za Apr 2025;Part of SolarAfrica's SunCentral supply to POWERX's customer portfolio.;;;;;;;
Sept-25;Investec Trading;Generator PPA;Ilikwa Solar PV Facility (50 MW, Free State);Solar;50 MW;Long-term;Not disclosed;Signed / Under Construction;Free State;Medium;pv-magazine.com Sep 2025 / iol.co.za;Investec's first trading deal post licence. Power expected Q2 2026. First major bank to trade electricity in SA.;;;;;;;
;;;;;;;;;;;;;;;;;;;
NERSA LICENCE TRACKER — Who has what licence, when, and what it means;;;;;;;;;;;;;;;;;;;
Licence types: National Trading = buy/sell on Eskom national grid | Municipal = buy/sell via municipal distribution grid | Import/Export = cross-border SAPP trading | Eskom licence challenge: High Court review of Oct 2024 batch SUSPENDED Jul 2025 pending finalisation of trading rules (due Jun 2026);;;;;;;;;;;;;;;;;;;
Competitor;Domestic Trading Licence;"Licence Date
(Domestic)";Licence Scope;Import/Export Licence;I/E Date;Eskom Challenge?;Licence Duration / Term;"Strategy Signal
(what the licence reveals)";Target Market Implied;Primary Sectors Targeted;Municipal Networks Active;Pending Applications?;Notes / Source;;;;;;
PowerX (formerly Amatola Green Power);? GRANTED;2009 / ~2014;National (Eskom grid) + Municipal;None confirmed;—;No – Eskom did not challenge PowerX licence;20-year (longest of all traders);Pioneer. Only trader to hold a 20-year licence. Massive first-mover advantage. Aggregator model serving both large and small/medium offtakers.;Large C&I + small/medium offtakers national;Manufacturing, mining, general C&I;Multiple (national);None known;First NERSA private trading licence ever issued. engineeringnews.co.za Oct 2024 / cdh.com;;;;;;
Enpower Trading;? GRANTED;Feb-22;National (Eskom) + Municipal (Eskom & municipal grids);? GRANTED;Jul-25;No – not challenged;Not disclosed;First to receive an I/E licence among private traders. Cross-border SADC ambition via Enterprise Power DRC / Kalumbila-Kolwezi 700MW interconnector. Municipal focus with revenue-neutral model.;Large C&I + Municipal networks + Cross-border;Retail, manufacturing, mining, municipalities;George, Overstrand, Cape Town pilot, City Power JHB (in discussion);None known;greenbuildingafrica.co.za Aug 2025 / engineeringnews.co.za;;;;;;
Etana Energy;? GRANTED;May-22;National (Eskom grid) + Municipal (Nelson Mandela Bay, Cape Town);None confirmed;—;No – not challenged;15-year;First black-empowered trader. National + specific municipal wheeling active. 15-year term gives long runway. Focus on large mining + commercial.;Large C&I (mining-heavy) + selected municipalities;Mining (PGMs, gold, diamonds), commercial real estate, retail;City of Cape Town (pilot), Nelson Mandela Bay Metro;None known;etana.energy/about — 'issued May 2022'. Chariot RNS Nov 2022. LinkedIn 15-year term ref.;;;;;;
EXSA (Energy Exchange of Southern Africa);? GRANTED;2022;National (Eskom grid) — Eskom grid only initially;None confirmed;—;No – not challenged;Not disclosed;Eskom-grid-only scope initially. Remgro/RMB backing gives institutional credibility. Diversifying into solar (2025) then wind (2027). Municipal expansion likely next.;Large C&I national;Retail, food & bev, commercial real estate, financial services;None currently (Eskom grid only);None known;wikipedia EXSA — '2022 NERSA granted licence to trade via Eskom national grid';;;;;;
Envusa Energy Trading;? GRANTED;Dec-23;Specific provinces: Northern Cape, North West, Eastern Cape, Limpopo (Eskom grid);None confirmed;—;No – not challenged;Not disclosed;Geographically scoped licence (not fully national). Tightly tied to Anglo American + EDF Renewables' own asset pipeline. Captive model — primarily serves Anglo American group operations.;Anglo American group operations + select 3rd-party miners;Mining (PGMs, iron ore, diamonds), heavy industrial;None — Eskom transmission grid only;Potential expansion to full national scope;miningweekly.com Dec 2023;;;;;;
NOA Group Trading;? GRANTED;31-Jan-25;National — 'without geographic limitations' per NERSA decision;None confirmed;—;No – not challenged (Jan 2025 licence predates Eskom challenge);Not disclosed;National licence without geographic restriction. NERSA decision explicitly stated traders are not geographically limited. Targeting large industrials, miners, data centres.;Large C&I national (mining, smelting, data centres, industrials);Mining, smelting, manufacturing, data centres, property;Eskom grid + municipal (stated capability);None known;noagroup.africa Feb 2025 / energize.co.za;;;;;;
CBI Electric Apollo;? GRANTED;Oct-24;National;None confirmed;—;"?? YES — Eskom challenged Oct 2024 batch; SUSPENDED Jul 2025 pending trading rules";Not disclosed;Note: This is CBI Electric Apollo — different entity to Apollo Africa (which is the parent). Trading entity uses the Apollo Africa brand. National licence.;Large C&I national;Manufacturing, mining, general C&I;Not yet specified;None known;engineeringnews.co.za Oct 2024. Apollo Africa CEO Jenna Harris confirmed identity.;;;;;;
Discovery Green (incl. Ampli Energy);? GRANTED;Oct-24;National;None confirmed;—;"?? YES — Eskom challenged Oct 2024 batch; SUSPENDED Jul 2025 pending trading rules";Not disclosed;National licence. Discovery Green is a Discovery Holdings business. Ampli Energy (May 2025 JV with Sasol) radically expands reach to SMEs + NGOs via virtual wheeling. Disruptive month-to-month model.;SMEs, mid-corporate, NGOs — broadest customer base of any trader;All sectors — widest net via Ampli's no-contract model;National virtual wheeling (no specific municipal agreements yet);None known;engineeringnews.co.za Oct 2024;;;;;;
Green Electron Market (Sturdee Energy);? GRANTED;Oct-24;National;None confirmed;—;"?? YES — Eskom challenged Oct 2024 batch; SUSPENDED Jul 2025 pending trading rules";Not disclosed;IPP-linked trader (Sturdee Energy). National licence. Sub-Saharan Africa focus — likely cross-border ambitions.;Large C&I national + potential regional;Utilities, mining, large industrials;Not yet specified;None known;engineeringnews.co.za Oct 2024;;;;;;
GreenCo Power Services;? GRANTED;Oct-24;National (domestic trading);? GRANTED;Oct-24;"?? YES — Eskom challenged Oct 2024 batch; SUSPENDED Jul 2025 pending trading rules";Not disclosed;Only private company to hold BOTH domestic AND import/export licences simultaneously (Oct 2024). Cross-border SAPP focus is core to identity. SA licence enables domestic + regional play. First private I/E licence.;Cross-border SAPP utilities + large SA C&I;Mining, utilities, governments, large regional buyers;None currently — Eskom transmission grid;None known;engineeringnews.co.za Oct 2024. africagreenco.com;;;;;;
Lyra Energy Trading;? GRANTED;30-Jul-25;National;None confirmed;—;No – post-Eskom challenge (Eskom challenge preceded but did not include Lyra);Not disclosed;New entrant. Backed by Scatec + Standard Bank + Stanlib. Aggregator model targeting underserved mid-large C&I. First solar project (255MW Thakadu) under PPAs already.;Mid-large C&I national;General C&I (mid to large users);Not yet specified;None known;engineeringnews.co.za Aug 2025;;;;;;
Investec Trading;? GRANTED;Sept-25;National (20-year licence);None confirmed;—;No – post-Eskom challenge suspension;20-year;First major bank to receive a trading licence. Will use balance sheet to fund IPPs + offtake. Initial project: 50MW Ilikwa Solar (Q2 2026). Risk management and hedging products likely to follow.;Large corporate + financial sector clients national;Mining, manufacturing, financial services clients;None currently — Eskom grid;None known;pv-magazine.com Sep 2025 / iol.co.za Sep 2025;;;;;;
BluEnergy Trading;? GRANTED;Feb-26;National — municipal-focused strategy;None confirmed;—;No – most recent entrant, post-suspension;Multi-year;Uniquely municipal-focused. Cigicell prepaid infrastructure in 95+ municipalities is the differentiator. Targeting municipalities as primary customers — different go-to-market from all other traders.;Municipalities + large C&I via municipal grid;Municipal energy, general C&I via prepaid infrastructure;95+ municipalities across 9 provinces (via Cigicell);None known;solarquarter.com Feb 2026 / techcentral.co.za;;;;;;
Neura Trading;? GRANTED;~2022–2023;National;None confirmed;—;No – not challenged (early cohort);Not disclosed;Tech-differentiated trader. Proprietary hardware + software for SA market. NERSA listed Neura in early cohort alongside PowerX and Enpower. Low public profile — may be building quietly.;Large C&I national;General C&I, tech-enabled customers;Not specified;None known;NERSA hearing noticed Mar 2022 (nersa.org.za). cdh.com Aug 2025 list.;;;;;;
NTCSA;? GRANTED;Sept-23;"National — Eskom grid only (buying from Eskom/IPPs; selling to Eskom Distribution exclusively)";? GRANTED;Sept-23;No;5-year (transitional);State/SOE entity. Not a commercial competitor. 5-year transitional licence only. Will become the national transmission system operator and market operator. Critical regulatory actor rather than commercial rival.;Eskom Distribution (exclusive) — not commercial C&I;SOE/state — not a commercial competitor;National transmission — not municipal distribution;Market Operator licence (pending NERSA);esi-africa.com Sep 2023. engineeringnews.co.za;;;;;;
Anthem;No trading licence known;—;IPP only (generation licence);None;—;N/A;N/A;Large IPP (2GW+ portfolio). Not a licensed trader. Develops, builds, owns and operates generation assets. Sells to traders or under government REIPPPP. May pursue trading licence as market matures.;IPP — sells to traders and Eskom/REIPPPP;IPP-focused, all generation types;N/A;Possible future trading licence application;Anthem website / no public NERSA trading application found;;;;;;
SolarAfrica Trading;Unclear — likely subsidiary of SolarAfrica Energy IPP;—;Potentially national via IPP parent;None confirmed;—;Unknown;Not disclosed;SolarAfrica's trading arm appears to facilitate trades from its own 1GW SunCentral project. May operate under parent's generation licence rather than a standalone trading licence.;C&I customers of SolarAfrica's IPP projects;General C&I via SolarAfrica's solar portfolio;Not specified;Likely to apply for standalone trading licence;Limited public info on standalone trading licence;;;;;;
Sola Group;No standalone trading licence known;—;IPP generation licence (SOLA is vertically integrated IPP);None;—;N/A;N/A;Vertically integrated IPP + energy solutions provider. Not a licenced trader in the traditional sense. Competes on self-build generation + direct offtake rather than aggregated trading.;Direct C&I offtake from own assets;Commercial, industrial, agricultural;Not applicable;Possible future trading licence;SOLA Group website — no NERSA trading licence application found;;;;;;
Enpower Trading — I/E (cross-border);? (see row above);—;—;? GRANTED;Jul-25;No;Not disclosed;Cross-border SADC via Enterprise Power DRC Kalumbila-Kolwezi interconnector (up to 700MW). First private SA trader with I/E licence after GreenCo.;Cross-border SAPP + SADC;Regional utilities, large industrials with cross-border ops;—;None known;greenbuildingafrica.co.za Aug 2025;;;;;;
Eskom Green;?? NOT YET GRANTED (as trading entity) — Eskom Green approved as subsidiary Dec 2025, but trading licence for the new entity is pending;Dec 2025 (subsidiary approval only);National — will compete for same Eskom-connected C&I customers as all private traders;? NTCSA has Import/Export licence (Sep 2023) — Eskom Green may inherit or apply separately;Sep 2023 (NTCSA entity);No — Eskom is the entity objecting to others' licences;20+ years (effectively perpetual as SOE);Entering the market as a direct C&I competitor to private traders. Strategy: retain customer relationships through green PPAs before customers defect to private traders. First REOP: 291MW solar, PPAs 5–25 years.;Large C&I — the exact same customer base as Apollo and all private traders;Mining, manufacturing, industrial, commercial real estate;Entire Eskom distribution and transmission network — incumbent advantage;Eskom Green trading licence application expected 2026;eskom.co.za Dec 2025 ministerial approval / Aug 2025 REOP launch / SAETA Policy to Power report Feb 2026;;;;;;
?? GREEN = Licence active, no Eskom challenge;;;?? AMBER = Licence active, subject to Eskom challenge (suspended Jul 2025);;;?? RED = No trading licence / IPP only;;;;;;;;;;;;;
;;;;;;;;;;;;;;;;;;;
COMMERCIAL DEALS TRACKER - Offtake agreements;;;;;;;;;;;;;;;;;;;
Log every deal - signed or rumoured. Update status as intel develops.;;;;;;;;;;;;;;;;;;;
Date Reported;Competitor;Deal Type;Counterparty / Off-taker;Generation Source;Capacity (MW);Contract Duration;Pricing Structure;Deal Status;Geographic Region;Significance (H/M/L);Source / Reference;Apollo Response / Notes;;;;;;;
Feb-26;Etana Energy;Customer PPA;Sibanye-Stillwater;Solar + Wind (blended);220 MW equiv / 600 GWh pa;10-year;Not disclosed;Signed;National;High;engineeringnews.co.za Feb 2026;3rd major mining PPA for Etana. 600 GWh pa = ~220MW. Operational from late 2027. Direct competitor to Apollo for large mining offtake.;;;;;;;
Feb-24;Etana Energy;Customer PPA;Tharisa Minerals;Solar + Wind (blended);Not disclosed;Long-term;Not disclosed;Signed;National;High;etana.energy company updates;Mining PPA #1 for Etana. Tharisa is PGM miner.;;;;;;;
2024-Q4;Etana Energy;Customer PPA;Petra Diamonds;Solar + Wind (blended);Not disclosed;Long-term;Not disclosed;Signed;National;High;etana.energy company updates;Mining PPA #2. Etana now has 20+ signed customer PPAs total.;;;;;;;
Jan-24;Etana Energy;Customer PPA;Growthpoint Properties;Wind + Hydro + Solar;195 GWh pa;Long-term;Not disclosed;Signed;Multi-province;High;pv-magazine.com Feb 2024;First multi-jurisdiction, multi-building, multi-source wheeling deal in SA. Landmark.;;;;;;;
Aug-25;NOA Group;Customer PPA;Pan African Resources;Solar + Wind (blended);389 GWh pa;10-year (+5yr option);Not disclosed;Signed;Mpumalanga + Gauteng;High;engineeringnews.co.za Aug 2025;Barberton, Evander and MTR mines supplied. Concluded days after Eskom licence challenge. Significant win for NOA.;;;;;;;
2025-Q1;NOA Group;Customer PPA;Tronox (SA operations);Solar + Wind;Not disclosed;Long-term;Not disclosed;Signed;National;High;africa-energy.com;Mineral sands / chemicals sector offtake.;;;;;;;
2024-Q4;NOA Group;Customer PPA;Manganese Metal Company (MMC);Wind + Solar (86 MW portfolio);70% of MMC electricity;20-year;Not disclosed;Signed;Mpumalanga;High;noagroup.africa projects page;20-year deal. 86MW portfolio. Large industrial offtake.;;;;;;;
2024-Q4;NOA Group;Customer PPA;Old Mutual Real Estate (OMREHC);Solar + Wind;Not disclosed;Long-term;Not disclosed;Signed;National;Medium;noagroup.africa projects page;Property portfolio offtake.;;;;;;;
2025-Q1;NOA Group;Customer PPA;Redefine Properties;Solar (Khauta South);Not disclosed;12 months to 25 years;Not disclosed;Signed;Free State;Medium;pv-tech.org Jun 2025;Confirmed offtaker for Khauta South 349MW project.;;;;;;;
Feb-25;Enpower Trading;Customer PPA;Sappi Southern Africa;Solar (SunCentral 1, SolarAfrica);175 GWh pa;5-year;Not disclosed;Financial Close;Northern Cape (De Aar);High;engineeringnews.co.za Feb 2025;Largest private 5-year PPA to reach FC in SA. Enpower pioneering short-tenure model. Sourced from SolarAfrica's 342MW Sun Central 1.;;;;;;;
2025-Q1;Enpower Trading;Customer PPA;Ivanhoe Mines (Limpopo mine);Not disclosed;Not disclosed;10-year;Not disclosed;Signed;Limpopo;High;renewafrica.biz headline;Mining sector offtake in Limpopo. 10-year term.;;;;;;;
May-25;EXSA;Customer PPA;Woolworths;Solar + Wind (blended);Not disclosed;Long-term;Not disclosed;Signed;National;High;wikipedia EXSA May 2025;Major retail offtake. Part of portfolio including Wispeco, Siqalo, Old Mutual, Delaire Graaf.;;;;;;;
May-25;EXSA;Customer PPA;Wispeco / Siqalo Foods / Old Mutual / Delaire Graaf;Solar + Wind;Not disclosed;Long-term;Not disclosed;Signed;National;Medium;wikipedia EXSA May 2025;Multiple C&I customers confirmed in May 2025 announcement.;;;;;;;
Feb-24;Envusa Energy Trading;Customer PPA (EOA);Anglo American Platinum (RPM - Rustenburg Platinum Mines);Solar + Wind (Koruson 2);460 MW;Long-term (COD 2026);Not disclosed;Signed;Northern/Eastern Cape border;High;miningweekly.com Feb 2024;Flagship deal. Envusa supplies RPM ~460MW from Koruson 2 projects. Construction began 2024.;;;;;;;
Dec-23;Envusa Energy Trading;Customer PPA;De Beers (Venetia Diamond Mine), Sishen Iron Ore, Amplats ops;Wind + Solar;140 + 240 + 140 MW;Long-term;Not disclosed;Signed;Limpopo + N Cape + N West;High;miningweekly.com Dec 2023 / NERSA licence;Anchor offtake deals underpinning NERSA licence. Hartebeeshoek Wind (140MW), Mooi Plaats Solar (240MW), Umsobomvu Wind (140MW).;;;;;;;
;;;;;;;;;;;;;;;;;;;
TRADING PLATFORMS & TECHNOLOGY TRACKER;;;;;;;;;;;;;;;;;;;
Who has what technology infrastructure — settlement, ETRM, virtual wheeling, SAWEM readiness. As SAWEM launches Jun 2026, technology capability becomes a commercial differentiator.;;;;;;;;;;;;;;;;;;;
WHY THIS MATTERS:  The South African Wholesale Electricity Market (SAWEM) Phase 1 launches 1 June 2026. Traders who can participate in the day-ahead market automatically, manage risk in real time, and settle with multiple counterparties efficiently will have a structural commercial advantage. This sheet tracks who has built what — and where Apollo sits.;;;;;;;;;;;;;;;;;;;
SECTION A — PLATFORMS IN THE MARKET: What exists and who built it;;;;;;;;;;;;;;;;;;;
Platform / System;Who Owns It;Type;What It Does;Who Can Use It;Current Status;SAWEM Ready?;Traders Excluded?;Strategic Significance;Source;Date;Apollo Action?;;;;;;;;
"Eskom Virtual Wheeling Platform
(Enerweb-built)";"Eskom Distribution
(built by Enerweb, Johannesburg)";"Virtual Wheeling
Settlement";Aggregates Time-of-Use generation and consumption data. Automates Buyer Wheeled Energy Refund (WER) calculations. Integrates refunds into Eskom billing. User portal for customers, IPPs and traders.;IPPs, direct buyers (corporates). Vodacom first at scale. TRADERS currently excluded.;?? In development — Enerweb contract awarded Dec 2025. Previously manual/limited. Vodacom proof-of-concept done 2023/24. Commercially available for low-voltage customers Q1 2025.;Partial — handles billing settlement but not day-ahead market trading;?? YES — traders and medium-voltage customers explicitly excluded until NERSA finalises trading rules (expected June 2026);CRITICAL. This is the settlement backbone of the SA wheeling market. When traders are admitted post-June 2026, it becomes the infrastructure every trader must use. Apollo needs to understand the onboarding process and Enerweb's integration requirements NOW — not in July.;Moneyweb / Daily Maverick Dec 2025;Dec-25;Understand Enerweb integration requirements. Be ready to onboard the day rules are finalised. Engage Eskom Distribution on trader access pathway.;;;;;;;;
Mezzanine Virtual Wheeling Platform (VWP);"Mezzanine Ware
(independent SA company)";"Virtual Wheeling
Data Aggregation";Collects, aggregates, accounts and reports Time-of-Use data for energy generation and consumption. Enables Eskom to calculate Buyer Wheeled Energy Refund. Provides a user portal for traders, buyers, municipalities and IPPs.;Energy traders, buyers, municipalities, IPPs already using Eskom virtual wheeling. AVAILABLE NOW to traders.;? LIVE — commercially available. Certified by Eskom for virtual wheeling agreement compliance.;"Partial — supports settlement; not a full trading/ETRM system";No — specifically designed for traders;The only third-party platform currently available to traders for Eskom virtual wheeling compliance. Any trader needing to participate in Eskom's virtual wheeling scheme NOW needs Mezzanine or equivalent. Apollo should assess immediately.;mezzanineware.com;2025;Assess whether Apollo is already using this or needs to. If not, evaluate as a near-term operational requirement.;;;;;;;;
"GreenCo ETRM
(proprietary)";"Africa GreenCo
(internal build)";"ETRM
(Energy Trading &
Risk Management)";Real-time market operations in SAPP. Forecasting energy production. Trading analytics and risk diversification. Settlement across multiple counterparties and borders. SAPP day-ahead and short-term market participation.;GreenCo internal use only — not available to others;? LIVE and operational — GreenCo has traded over 1 TWh using this system;Yes — SAPP market participation enabled. Most advanced SAWEM-ready system of any SA trader.;No — built for GreenCo's own cross-border trading;Most sophisticated trading technology of any SA private trader. GreenCo has 5+ years of live SAPP trading data and real-time systems. This is a genuine moat — replicating it requires years and significant investment.;africagreenco.com / Norton Rose Fulbright;2024–2025;Understand what SAWEM will require in terms of ETRM capability. GreenCo's system is the benchmark. Apollo needs a roadmap for its own technology stack before June 2026.;;;;;;;;
"NOA Advanced Energy Trading Platform
(proprietary)";"NOA Group
(CTO: Arno Middelberg)";"Trading Platform /
Aggregation System";Aggregates energy from geographically dispersed renewable generation facilities. Customer management. Supply-demand matching across NOA's portfolio of wind, solar and BESS assets. Described publicly as 'advanced energy trading platform'.;NOA internal use only;? LIVE — operational since NOA began trading Q1 2025;In development — NOA is building toward SAWEM participation;No;NOA's CTO leads digital strategy. NOA described their model as technology-enabled aggregation. The platform is what allows NOA to manage a 500MW+ generation portfolio and supply multiple customers simultaneously. As NOA scales to 5GW target, the technology becomes critical infrastructure.;noagroup.africa / ESI-Africa Nov 2025;2025;Watch NOA's CTO hiring and technology announcements. When SAWEM launches, NOA's platform capability will determine how fast they can scale.;;;;;;;;
"Neura Energy Technology Platform
(proprietary)";"Neura Group
(parent of Neura Trading)";"IoT / Smart Meter /
Trading Technology";Proprietary hardware and software for SA electricity trading environment. Smart metering, IoT load management, energy efficiency analytics, time-of-use data processing. Originally designed specifically for SA trading market.;Neura internal use + potentially available to third parties;? LIVE — Neura has 10+ year track record in energy technology. Neura Group was a founding shareholder of Etana Energy specifically to deploy this technology.;Partial — SA-specific, may need SAWEM module;No — designed for SA trading;Neura's hardware and software is the reason they were brought into Etana as a co-founder. If their technology is genuinely SAWEM-ready it could become a competitive platform for multiple traders. Worth monitoring for any licensing or white-label activity.;neura.solutions;2025;Monitor whether Neura Technology is being offered as a third-party service to other traders. Could be relevant for Apollo's own technology needs.;;;;;;;;
"SAWEM Market Platform
(NTCSA / Market Operator)";"NTCSA — National Transmission Company SA
(Market Operator licence pending NERSA)";"Wholesale Market
Infrastructure";The South African Wholesale Electricity Market (SAWEM) itself. Day-ahead market clearing. Merit-order dispatch. Settlement between generators, traders and buyers. All licensed traders must interface with this platform to participate in Phase 1.;All licensed traders, generators, large buyers — mandatory participation for SAWEM;?? NOT YET LIVE — Phase 1 target 1 June 2026. Market Code draft published. NTCSA has applied for Market Operator licence. Regulatory uncertainty remains (Eskom NTCSA independence dispute).;YES — this IS the SAWEM platform;No — all licensed traders will participate;THE most important platform in the tracker. Every trader's commercial model post-June 2026 depends on how they interface with SAWEM. Traders who are not operationally ready on Day 1 will be disadvantaged. Apollo needs a SAWEM readiness assessment NOW.;NTCSA / NERSA / SAETA Policy to Power Feb 2026;Target Jun 2026;IMMEDIATE: Apollo needs a SAWEM readiness plan. What systems are needed? Who is responsible internally? When does preparation need to begin? This is a board-level strategic question.;;;;;;;;
"Apollo Africa — Technology Stack
(current status)";"Apollo Africa
(internal — unknown)";UNKNOWN — no public information;No public information found on Apollo's trading technology infrastructure. Apollo's website describes its trading model but not its technology stack. No mention of ETRM, settlement systems, or SAWEM readiness in any public source.;Internal use only — unknown;?? UNKNOWN — no public-facing technology capability found. Apollo may have internal systems but they are not documented publicly or in SAETA materials.;UNKNOWN — SAWEM readiness not confirmed anywhere;N/A;This is Apollo's most significant technology gap relative to competitors. As SAWEM approaches, the absence of a documented technology roadmap is a risk. GreenCo, NOA and Neura all have proprietary systems. Apollo's Reunert backing provides the financial capacity to build or buy — but timing is critical.;Internal — no public source;Apr-26;BOARD ACTION: Commission a SAWEM readiness assessment. Identify: (1) What settlement/ETRM system does Apollo use today? (2) What is needed for SAWEM Day 1? (3) Build vs buy vs partner (e.g. Mezzanine, Neura)? (4) Who owns this internally?;;;;;;;;
;;;;;;;;;;;;;;;;;;;
SECTION B — SIGNALS TO WATCH: What to monitor monthly on technology;;;;;;;;;;;;;;;;;;;
Signal to Watch;Why It Matters;How to Track;Urgency;;;;;;;;;;;;;;;;
NERSA publishes final electricity trading rules (due June 2026);Trading rules will determine when and how traders can access Eskom virtual wheeling and SAWEM. The June 2026 deadline is the single most important regulatory date in the market.;Monitor NERSA.org.za notices monthly. Engineering News will cover it immediately when published.;?? Critical;;;;;;;;;;;;;;;;
Enerweb virtual wheeling platform goes live / trader access opens;When Eskom opens virtual wheeling to traders post-June 2026, there will be a race to onboard. Traders who have already engaged Enerweb and Eskom Distribution will activate faster.;Monitor eskom.co.za/distribution/virtual-wheeling/ and Enerweb announcements. Engineering News.;?? Critical;;;;;;;;;;;;;;;;
NTCSA Market Operator licence granted by NERSA;The Market Operator licence is required before SAWEM can legally operate. Without it, the June 2026 launch date slips. This is the key gate to watch.;NERSA public hearing notices. NTCSA announcements. Engineering News.;?? Critical;;;;;;;;;;;;;;;;
Any trader announces SAWEM participation readiness or ETRM partnership;The first trader to publicly announce SAWEM Day 1 readiness will gain a PR and commercial advantage — signalling to IPPs and customers that they are the sophisticated market participant.;LinkedIn announcements from NOA (Andrew Taylor), Etana, Enpower CEOs. Trade press.;?? High;;;;;;;;;;;;;;;;
Mezzanine VWP adds new trader clients or announces expansion;If Mezzanine starts winning multiple trader clients it may become the de facto standard for SA trading settlement — making it a strategic platform Apollo needs to be on.;mezzanineware.com and their LinkedIn page. Any press release.;?? High;;;;;;;;;;;;;;;;
Neura Technology announces white-label or third-party licensing;If Neura offers its trading tech to other traders it changes the competitive dynamics — Apollo could license it rather than build.;neura.solutions updates. NERSA/market announcements.;?? Medium;;;;;;;;;;;;;;;;
Eskom Green formally applies for its own trading licence;When Eskom Green applies for a trading licence (rather than relying on NTCSA's), it signals the subsidiary is ready to compete commercially. This is the moment Eskom Green becomes a direct competitor.;NERSA public hearing notices. Eskom press releases.;?? High;;;;;;;;;;;;;;;;
;;;;;;;;;;;;;;;;;;;
SECTION C — APOLLO TECHNOLOGY GAP & RECOMMENDED ACTIONS;;;;;;;;;;;;;;;;;;;
Area;Current Status;Competitor Benchmark;Gap;Recommended Action;Owner;Timeline;;;;;;;;;;;;;
"Eskom Virtual Wheeling
Access";Unknown — Apollo not confirmed as Eskom virtual wheeling participant;Etana: confirmed City of Cape Town + NMB Metro. Enpower: George, Overstrand, Cape Town pilot.;Apollo may not be set up for virtual wheeling — this limits the customer segments Apollo can serve today;Urgently confirm Apollo's virtual wheeling agreement status with Eskom. If not in place, initiate application immediately. Engage Enerweb/Mezzanine for platform support.;COO / Trading Team;Immediate;;;;;;;;;;;;;
"Settlement Platform
(Mezzanine or equivalent)";Unknown — no public information on whether Apollo uses Mezzanine VWP or equivalent;Mezzanine is already available and certified by Eskom. Any active virtual wheeler uses it or equivalent.;If Apollo is not using a certified settlement platform, it cannot scale its virtual wheeling operations regardless of customer demand;Evaluate Mezzanine VWP immediately. If Apollo is already on a platform, document it. If not, prioritise onboarding.;COO / IT;30 days;;;;;;;;;;;;;
"SAWEM Readiness
(Day-Ahead Market)";Unknown — no documented SAWEM readiness plan found;GreenCo: live ETRM, SAPP-ready. NOA: proprietary platform. Neura: purpose-built SA trading tech.;Apollo has no documented SAWEM technology roadmap. June 2026 launch is 2 months away.;Commission a SAWEM readiness assessment immediately. Key questions: (1) What IT systems are needed for SAWEM Day 1? (2) Who in Apollo owns this? (3) Build / buy / partner decision. Reunert's balance sheet can fund this if decided quickly.;CEO / COO;Immediate — board agenda;;;;;;;;;;;;;
"ETRM System
(Energy Trading & Risk Management)";Unknown — no public reference to Apollo ETRM;GreenCo has custom ETRM. NOA has proprietary platform. Neura has purpose-built SA trading technology.;As the portfolio grows (more IPPs, more customers, more contract types), manual tracking becomes a risk. An ETRM is needed before SAWEM.;Assess current internal tools. If spreadsheet-based, this is a risk at scale. Evaluate: Neura Technology (SA-specific), international ETRM vendors, or partner with Mezzanine.;COO / Trading Manager (Zeean Mahmood);60–90 days;;;;;;;;;;;;;
"Technology Differentiation
(Customer-facing)";Apollo website describes a manual, advisory-led procurement model;Ampli Energy offers a no-fee digital platform. Neura has smart metering / IoT. NOA has customer portal.;As the market matures, customers will expect digital procurement tools — energy usage dashboards, contract management portals, REC tracking. Apollo has none visible.;Define Apollo's digital product roadmap. Near-term: a customer portal for contract status and REC certificates. Medium-term: energy usage dashboard. Long-term: SAWEM market access via Apollo platform.;CEO / Marketing (Aly Buttery);6–12 months;;;;;;;;;;;;;
;;;;;;;;;;;;;;;;;;;
MARKET GAP ANALYSIS — Where Apollo can lead, not just react;;;;;;;;;;;;;;;;;;;
Updated monthly. Gaps = sectors, geographies, products or capabilities underserved by current market participants. Apollo opportunity = where we can move first or differentiate.;;;;;;;;;;;;;;;;;;;
SECTION A — IDENTIFIED MARKET GAPS & APOLLO OPPORTUNITY;;;;;;;;;;;;;;;;;;;
Gap / Opportunity;Category;"Market Size
(est.)";"Competitors
Active Here?";"Competitor
Activity Level";"Apollo
Currently Here?";"Apollo
Readiness (H/M/L)";"Recommended
Action";"Priority
(H/M/L)";"Timeline
to Act";"Owner
(Apollo)";Status / Notes;;;;;;;;
"Mid-market C&I (500kW–5MW demand)
Too big for rooftop solar, too small for bespoke long-term PPA";Customer Segment;Thousands of businesses nationally;Discovery Green / Ampli only — and very new;Low — most traders ignore this tier;[ Enter ];[ Enter ];Develop a standardised, flexible product specifically for mid-market. Shorter tenure (1–3 yr). Simple onboarding. Compete on ease, not just price.;High;0–6 months;[ Owner ];Ampli Energy is the only real mover here. Month-to-month product is disruptive. Apollo needs a response or a differentiated angle.;;;;;;;;
"Agricultural sector
(Agri-processing, cold storage, irrigation, packhouses)";Customer Segment;Large — agri is 3rd largest electricity consumer sector in SA;None visibly targeting agriculture;None — complete white space;[ Enter ];[ Enter ];Identify 5–10 large agri-processing or cold storage businesses as pilot targets. Build an agri-specific value proposition around seasonal demand flexibility.;High;0–9 months;[ Owner ];No publicised agriculture PPAs found across any competitor. Clean green energy + water/carbon story resonates strongly in agri export sector.;;;;;;;;
"Data centres & hyperscaler facilities
(24/7 baseload, high volume, sustainability-driven)";Customer Segment;Fast-growing — SA attracting major hyperscaler investment;NOA Group (stated target) — no confirmed deals yet;Very low — early-stage interest only;[ Enter ];[ Enter ];Approach SA data centre operators and hyperscaler site selectors now. Develop a blended wind/solar/BESS product for 24/7 coverage. This customer class will need 100MW+ supply.;High;3–12 months;[ Owner ];NOA named data centres as target sector. No one has signed a deal. First mover wins credibility. SA's data centre market is accelerating.;;;;;;;;
"Short-tenure PPAs (1–5 year)
Flexible contracts aligned to business planning cycles";Product / Contract;All C&I sectors;Enpower only (pioneered 5-yr with Sappi);Low — one deal, not a product strategy;[ Enter ];[ Enter ];Build a formal short-tenure PPA product with standard terms, clear pricing methodology and fast turnaround. As SAWEM approaches, buyers will demand more flexibility.;High;0–6 months;[ Owner ];Enpower called 5-yr PPA a 'game-changer' and 'market-first.' Apollo should build on this signal and develop a competing flexible product before others do.;;;;;;;;
"Municipal supply agreements (municipalities as buyers)
Not just as grid owners, but as energy customers";Geography / Channel;95+ municipalities across SA;BluEnergy only (Feb 2026 licence, not yet trading);Very low — only BluEnergy positioned here;[ Enter ];[ Enter ];Identify 3–5 progressive municipalities open to buying renewable energy for their own infrastructure. Use revenue-neutral model. Build relationships before BluEnergy operationalises.;Medium;6–18 months;[ Owner ];BluEnergy has Cigicell infrastructure advantage in 95+ municipalities. Apollo needs a differentiated angle — possibly local content, local IPPs, or community benefit.;;;;;;;;
"Cross-border / SAPP trading
(Import/Export licence for SADC energy flows)";Geography / Regulatory;Regional — Southern African Power Pool;GreenCo (focused), Enpower (licence granted Jul 2025), NTCSA;Low among private traders — GreenCo is the only active cross-border operator;[ Enter ];[ Enter ];Assess feasibility of applying for an Import/Export licence. Would make Apollo one of only 3 private traders with cross-border capability. Particularly valuable as SA grid opens.;Medium;6–18 months;[ Owner ];Only 2 private companies hold I/E licences. Cross-border is structurally important as SA integrates into SAPP. Early positioning has regulatory and commercial value.;;;;;;;;
"BESS-backed firm power product
Battery storage enabling 24/7 or peak-guarantee supply";Product / Technology;All sectors needing baseload certainty;NOA (adding BESS to Khauta complex), Etana (blended portfolio);Low — few traders have a BESS-specific product;[ Enter ];[ Enter ];Develop a storage-backed 'firm power' product in partnership with a BESS IPP. Positions Apollo as solving the intermittency problem — a key objection from industrial buyers.;Medium;6–18 months;[ Owner ];The single biggest objection from large industrial buyers is 'what happens at night / when wind drops.' A BESS-backed firm product directly addresses this.;;;;;;;;
"Retail / FMCG / cold chain sector
(Food manufacturing, retail distribution, cold storage)";Customer Segment;High electricity intensity, national footprint;EXSA (Woolworths, Siqalo Foods) — early mover;Low — EXSA has a few deals but not a sector strategy;[ Enter ];[ Enter ];Develop targeted outreach to SA's top 20 food manufacturers and cold chain operators. Multi-site, multi-province deals align well with Apollo's aggregation capability.;Medium;3–12 months;[ Owner ];EXSA's Woolworths deal signals this sector is opening up. Multi-site retail and FMCG is a natural fit for a trader who can manage complex wheeling across provinces.;;;;;;;;
"SME / multi-tenant commercial property
(Smaller offices, light industrial parks, mixed-use)";Customer Segment;Very large — SMEs = 98% of SA businesses;Ampli Energy (Discovery Green + Sasol) — month-to-month;"Low — only Ampli targeting this; product very new";[ Enter ];[ Enter ];Consider a co-branded or white-label product for commercial property managers to offer tenants. Leverages existing Reunert Group relationships.;Low–Medium;12–24 months;[ Owner ];Ampli's month-to-month cashback model is disruptive for SMEs. Apollo's differentiation could be through property management relationships via Reunert.;;;;;;;;
"Hospitals, healthcare & education
(Uninterrupted supply critical; ESG reporting growing)";Customer Segment;"Steady, predictable demand; long-term relationships";None identified targeting healthcare or education;None — complete white space;[ Enter ];[ Enter ];Approach private hospital groups (Mediclinic, Netcare, Life Healthcare) and large private universities. Reliable supply + ESG credentials are key buying criteria here.;Medium;6–18 months;[ Owner ];Mediclinic is a Remgro company (EXSA parent). Apollo could target Netcare, Life Healthcare. Education sector (universities, private schools) has large campuses and ESG mandates.;;;;;;;;
;;;;;;;;;;;;;;;;;;;
?? HIGH priority gap — move now;;;;?? MEDIUM — plan and watch;;;;?? LOW–MEDIUM — horizon opportunity;;;;;;;;;;;
;;;;;;;;;;;;;;;;;;;
SECTION B — WHERE COMPETITORS ARE CONCENTRATING (by sector — update monthly);;;;;;;;;;;;;;;;;;;
Sector / Segment;"Heavily Contested
(3+ traders active)";"Moderately Contested
(1–2 traders)";"Underserved
(0–1 traders)";"Apollo
Currently Active?";"Apollo
Opportunity Level";;;;;;;;;;;;;;
Large mining (gold, PGMs, iron ore);? Etana, NOA, Envusa, Enpower, PowerX;;;[ Enter ];Low — very crowded;;;;;;;;;;;;;;
Large C&I manufacturing;? Multiple traders;;;[ Enter ];Moderate — differentiation needed;;;;;;;;;;;;;;
Commercial real estate / property;;? Etana (Growthpoint), NOA (OMREHC), EXSA;;[ Enter ];Moderate;;;;;;;;;;;;;;
Retail (food, clothing);;? EXSA (Woolworths, Siqalo);;[ Enter ];Moderate — room for more;;;;;;;;;;;;;;
Mid-market C&I (500kW–5MW);;? Ampli (new);;[ Enter ];HIGH — first-mover opportunity;;;;;;;;;;;;;;
Agriculture / agri-processing;;;? None identified;[ Enter ];HIGH — complete white space;;;;;;;;;;;;;;
Data centres / tech;;? NOA (stated, no deals);;[ Enter ];HIGH — early mover advantage;;;;;;;;;;;;;;
Municipalities as buyers;;? BluEnergy (new, not yet trading);;[ Enter ];HIGH — BluEnergy not yet active;;;;;;;;;;;;;;
Healthcare / education;;;? None identified;[ Enter ];HIGH — complete white space;;;;;;;;;;;;;;
Cross-border / SAPP;;? GreenCo, Enpower (I/E licence);;[ Enter ];Medium — licence required;;;;;;;;;;;;;;
Smelting / ferrochrome;;? NOA (Tronox, MMC);;[ Enter ];Moderate;;;;;;;;;;;;;;
SME / small commercial;;? Ampli (very new);;[ Enter ];Medium — Ampli has head start;;;;;;;;;;;;;;
;;;;;;;;;;;;;;;;;;;
;;;;;;;;;;;;;;;;;;;
SECTION C — APOLLO DIFFERENTIATION LEVERS (what makes Apollo the smarter choice);;;;;;;;;;;;;;;;;;;
Lever — Apollo Competitive Advantage  |  How to Activate;;;;;;;;;;;;;;;;;;;
Reunert Group backing;;;Financial credibility and balance sheet strength. Use this to offer payment guarantees and longer-tenor products that smaller traders cannot match.;;;;;;;;;;;;;;;;
Pure-play trader positioning;;;Apollo has no IPP parent pushing its own projects. This is a genuine differentiator — Apollo can source from any IPP, giving customers a truly independent, best-of-market portfolio.;;;;;;;;;;;;;;;;
Speed and flexibility;;;Smaller team than IPP-linked traders means faster deal execution. Market this aggressively. 'We can be in market faster than anyone else.';;;;;;;;;;;;;;;;
Sector specialisation;;;Pick 1–2 underserved sectors (e.g. agriculture, data centres) and go deep. Build case studies, sector-specific pricing, dedicated relationships. Become known as the expert in those sectors.;;;;;;;;;;;;;;;;
Short-tenure PPA leadership;;;Build the best 1–5 year product in the market. As SAWEM approaches, this becomes the market-standard contract. Apollo should own this space.;;;;;;;;;;;;;;;;
Thought leadership / market education;;;Most buyers still do not understand how trading works. Apollo's comms strategy should educate the market. The brand that teaches the market often wins the market.;;;;;;;;;;;;;;;;
;;;;;;;;;;;;;;;;;;;
USE OF SYSTEM AGREEMENT (UoSA) TRACKER — Municipal network access map;;;;;;;;;;;;;;;;;;;
A UoSA = formal agreement between a trader and a municipality to use its distribution network for wheeling. Without a UoSA, a trader CANNOT serve customers in that municipality. This map shows who has access where.;;;;;;;;;;;;;;;;;;;
WHY THIS MATTERS: Municipal network access is a structural competitive advantage. A trader with a UoSA in a municipality has the right to serve ALL C&I customers in that area. A trader without a UoSA must use Eskom's transmission grid only (limiting customer reach). Tracking who has UoSAs where = tracking geographic market control.;;;;;;;;;;;;;;;;;;;
Municipality / Metro;Province;Competitor with UoSA;UoSA Status;"Date Signed
/ Announced";"Network Type
(Eskom / Municipal)";"Customers Served
under UoSA";"Annual Volume
(GWh est.)";"Strategic Importance
(H/M/L)";"Apollo
Access Here?";"Apollo
Opportunity?";Source / Reference;Notes;;;;;;;
George;Western Cape;Enpower Trading;? Active;~2021–2022;Municipal (George);~4 C&I customers (pilot);~1 GWh pa (pilot);Medium;[ Enter ];Yes — no trader has monopoly;engineeringnews.co.za Jun 2023;First live UoSA / wheeling deal in SA. Enpower pilot with 4 customers.;;;;;;;
Overstrand;Western Cape;Enpower Trading;? Active;~2021–2022;Municipal (Overstrand);Not disclosed;Not disclosed;Medium;[ Enter ];Yes;energize.co.za Mar 2022;Second UoSA for Enpower. Western Cape focus.;;;;;;;
City of Cape Town;Western Cape;Etana Energy;? Active (wheeling pilot);Aug-23;Municipal (City of Cape Town);Growthpoint Properties (pilot);~30 GWh pa (pilot scope);High — SA's most advanced wheeling municipality;[ Enter ];High — CoT is the most active wheeling market in SA;Chariot RNS Sep 2023 / Etana LinkedIn;Etana was selected as pilot trader in CoT wheeling programme. First electrons wheeled Sep 2023.;;;;;;;
City of Cape Town;Western Cape;Enpower Trading;? Active (pilot participant);~2023;Municipal (City of Cape Town);Multiple C&I customers;Not disclosed;High;[ Enter ];High;engineeringnews.co.za Jun 2023;Enpower also participant in CoT wheeling pilot.;;;;;;;
Nelson Mandela Bay Metro;Eastern Cape;Etana Energy;? Active;Not disclosed;Municipal (NMBM);Not disclosed;Not disclosed;High — large industrial metro;[ Enter ];Yes;Etana LinkedIn bio;Etana confirms NMBM as active municipal network alongside Cape Town.;;;;;;;
City of Johannesburg / City Power;Gauteng;Enpower Trading;?? In discussion;Ongoing;Municipal (City Power);Not yet live;N/A;Very High — largest C&I market in SA;[ Enter ];Very High — whoever secures JHB first wins the biggest prize;energize.co.za / infrastructurenews.co.za Mar 2022;Enpower confirmed in discussions with City Power JHB. Not yet signed. This is the biggest municipal prize in SA.;;;;;;;
95+ municipalities (via Cigicell);9 provinces;BluEnergy Trading;?? Licence granted Feb 2026 — UoSAs not yet signed;Feb 2026 (licence);Municipal — prepaid infrastructure;Not yet live;N/A;Very High — widest municipal reach of any trader;[ Enter ];"High — but BluEnergy not yet trading; window to engage same municipalities";solarquarter.com Feb 2026;BluEnergy's Cigicell infrastructure spans 95+ municipalities. UoSAs not yet formalised. Largest potential municipal footprint in SA.;;;;;;;
Lepelle-Nkumpi Local Municipality;Limpopo;[ Unknown ];?? NERSA public hearing scheduled May 2026;Pending;Municipal;N/A;N/A;Medium;[ Enter ];Yes — new municipal market opening;NERSA.org.za notice Apr 2026;NERSA has scheduled a public hearing for Lepelle-Nkumpi Local Municipality trading licence application. New municipal market opening.;;;;;;;
City of Ekurhuleni;[ Province ];[ Competitor ];[ Status ];[ Date ];[ Network ];[ Customers ];[ Volume ];[ H/M/L ];[ Enter ];[ Enter ];[ Source ];[ Notes ];;;;;;;
Polokwane Local Municipality;;;;;;;;;;;;;;;;;;;
eThekwini Municipality;;;;;;;;;;;;;;;;;;;
Buffalo City Metropolitan Municipality;;;;;;;;;;;;;;;;;;;
George Local Muncipality;;;;;;;;;;;;;;;;;;;
Centlec-Mangaung Metropolitan;;;;;;;;;;;;;;;;;;;
Swartland Municipality;;;;;;;;;;;;;;;;;;;
Langeberg Local Municipality;;;;;;;;;;;;;;;;;;;
Drakenstein;;;;;;;;;;;;;;;;;;;
uMhlathuze;;;;;;;;;;;;;;;;;;;
Midvaal Municipality;;;;;;;;;;;;;;;;;;;
KwaDukuza Municipality;;;;;;;;;;;;;;;;;;;
Maluti-a-Phofung ( DAA) Eskom equivalent;;;;;;;;;;;;;;;;;;;
Merafong City (DAA) Eskom equivalent;;;;;;;;;;;;;;;;;;;
Emfuleni (DAA) Eskom equivalent  ;;;;;;;;;;;;;;;;;;;
Govan Mbeki municipality (Eskom DAA target);;;;;;;;;;;;;;;;;;;
City of Mbombela (Eskom Target for DAA);;;;;;;;;;;;;;;;;;;
Emalahleni-MP (Eskom Target for DAA);;;;;;;;;;;;;;;;;;;
Lekwa Local Municipality (Eskom DAA target );;;;;;;;;;;;;;;;;;;
City of Matlosana (Eskom DAA target);;;;;;;;;;;;;;;;;;;
Dihlabeng (Eskom DAA target);;;;;;;;;;;;;;;;;;;
Moqhaka (Eskom DAA target);;;;;;;;;;;;;;;;;;;
Enoch Mgijima (Eskom DAA target);;;;;;;;;;;;;;;;;;;
Ngwathe (Eskom DAA target);;;;;;;;;;;;;;;;;;;
Thaba Chweu (ESkom DAA target);;;;;;;;;;;;;;;;;;;
;;;;;;;;;;;;;;;;;;;
;;;;;;;;;;;;;;;;;;;
;;;;;;;;;;;;;;;;;;;
;;;;;;;;;;;;;;;;;;;
STRATEGIC MUNICIPALITY WATCHLIST — High-value targets to monitor for UoSA announcements;;;;;;;;;;;;;;;;;;;
Municipality;Province;Why It Matters;Priority;Current Status;;;;;;;;;;;;;;;
City of Johannesburg / City Power;Gauteng;Largest C&I market in SA. ~40% of SA's commercial electricity load. Whoever gets CoJ first has massive advantage.;Very High;Enpower in discussion;;;;;;;;;;;;;;;
eThekwini / Durban Metro;KwaZulu-Natal;Major industrial and commercial hub. Port Durban logistics. Large manufacturing base.;Very High;No trader confirmed;;;;;;;;;;;;;;;
Ekurhuleni Metro;Gauteng;SA's manufacturing heartland. Huge industrial load. Adjacent to OR Tambo logistics hub.;Very High;No trader confirmed;;;;;;;;;;;;;;;
City of Tshwane;Gauteng;Government, tech, automotive (BMW, Ford). Growing data centre market.;High;No trader confirmed;;;;;;;;;;;;;;;
Buffalo City / East London;Eastern Cape;Automotive manufacturing (Mercedes-Benz). Industrial base.;High;No trader confirmed;;;;;;;;;;;;;;;
Sol Plaatje / Kimberley;Northern Cape;Mining region. Close to major solar resources in NC.;Medium;No trader confirmed;;;;;;;;;;;;;;;
Mangaung / Bloemfontein;Free State;Regional hub. Agricultural processing nearby.;Medium;No trader confirmed;;;;;;;;;;;;;;;
;;;;;;;;;;;;;;;;;;;
JOB POSTINGS TRACKER — Competitor hiring signals future strategy;;;;;;;;;;;;;;;;;;;
Monitor LinkedIn, PNet, Indeed monthly. A new hire signals a strategic move 6–12 months before it becomes public. Key roles to watch: municipal development, cross-border, sector sales, regulatory, technology.;;;;;;;;;;;;;;;;;;;
WHAT TO WATCH FOR:  'Head of Municipal' = municipal expansion  |  'Cross-border / SAPP Analyst' = I/E licence coming  |  'Sector Lead: Mining/Agri/DataCentre' = new sector push  |  'Regulatory Affairs' = licence application pending  |  'Head of Product' = new contract structure  |  'Trading Analyst / Quant' = moving toward SAWEM market;;;;;;;;;;;;;;;;;;;
Date Spotted;Competitor;Job Title;Seniority Level;Function / Dept;Platform Found;"Job Description Summary
(key phrases)";"Strategic Signal
(what this hire tells us)";"Sector / Geography
Implied";Apollo Action?;Status / Filled?;;;;;;;;;
[ Date ];[ Competitor ];Head of Municipal Development;Senior / Head;Business Development;LinkedIn;Lead expansion into municipal distribution networks. UoSA negotiation. Municipality stakeholder management.;?? HIGH SIGNAL — this competitor is about to push into municipal wheeling. Expect UoSA announcements within 6 months.;Municipal networks nationally;[ Apollo response / monitor ];[ Open / Filled / Withdrawn ];;;;;;;;;
[ Date ];[ Competitor ];SAPP / Cross-Border Trading Analyst;Mid / Analyst;Trading;LinkedIn;Monitor SAPP Day-Ahead Market. Cross-border energy flows. Import/export scheduling.;?? HIGH SIGNAL — I/E licence application likely incoming or recently granted. Regional expansion underway.;SAPP / SADC cross-border;[ Apollo response / monitor ];[ Open / Filled / Withdrawn ];;;;;;;;;
[ Date ];[ Competitor ];Sector Lead: Agriculture / Agri-Processing;Senior;Sales / BD;PNet;Develop and close PPAs with agri-processing and cold chain businesses. Understand farm-level electricity demand.;?? MEDIUM SIGNAL — competitor exploring agri sector. Apollo should accelerate any agri pipeline work.;Agriculture sector nationally;[ Apollo response / monitor ];[ Open / Filled / Withdrawn ];;;;;;;;;
[ Date ];[ Competitor ];Regulatory Affairs Manager;Senior;Legal / Regulatory;LinkedIn;Manage NERSA licence applications, trading rules submissions, municipal UoSA compliance.;?? MEDIUM SIGNAL — new licence application likely. Watch NERSA public hearing notices.;Regulatory — national;[ Apollo response / monitor ];[ Open / Filled / Withdrawn ];;;;;;;;;
[ Date ];[ Competitor ];Head of Product — Short-Tenure PPA;Head / Senior;Commercial / Product;Company website;Design and launch flexible 1–3 year PPA products for mid-market C&I customers.;?? HIGH SIGNAL — competitor building short-tenure product. Apollo's window to lead here is narrowing.;Mid-market C&I nationally;[ Apollo response / monitor ];[ Open / Filled / Withdrawn ];;;;;;;;;
;;;;;;;;;;;;;;;;;;;
COMPETITOR MARKETING & COMMUNICATIONS TRACKER;;;;;;;;;;;;;;;;;;;
Apollo Africa  |  Track campaigns, messaging shifts, PR moves and brand activity across all competitors  |  Updated monthly;;;;;;;;;;;;;;;;;;;
HOW TO USE:  Log every competitor comms move here — LinkedIn posts, press releases, awards, rebrands, campaigns, events, white papers.  'Key Message / Angle' = WHAT they are actually saying, not just that they said something.  'Apollo Counter-move?' = where intelligence becomes strategy.;;;;;;;;;;;;;;;;;;;
Date;Competitor;"Channel /
Medium";"Activity
Type";Campaign / Headline;Key Message / Angle;"Target
Audience";"Reach /
Scale";"Tone &
Quality";"Apollo
Relevance";Apollo Counter-move?;"Urgency
(H/M/L)";Source / Link;Notes;;;;;;
DD MMM YYYY;"Competitor
name";"e.g. LinkedIn
Press Release
Event
Webinar";"e.g. Thought
Leadership
Campaign
Award";"Specific post /
article /
campaign title";"In ONE sentence:
what are they
actually saying?";"Who is this
aimed at?";"High / Med / Low
reach est.";"Strong /
Medium /
Weak";"H/M/L —
does this
threaten Apollo?";"Act now /
Monitor /
Ignore";H / M / L;"URL or
publication";"Additional
context";;;;;;
? MAJOR CAMPAIGNS & PRODUCT LAUNCHES;;;;;;;;;;;;;;;;;;;
15-May-25;Discovery Green /Ampli Energy;"Press Release +
Event (Sandton HQ)";Product Launch;'No fee, no risk, no hassle' — Ampli Energy launch;Renewable energy is now accessible to every SA business, even SMEs and NGOs — no contracts, no capex, just monthly cashback. We are democratising green energy.;SMEs, NGOs, mid-corporates, anyone excluded from traditional long-term PPAs;HIGH — CEO of Discovery + Sasol CEO + Energy Minister at launch. National press coverage. Daily Maverick, Engineering News, BusinessTech.;Strong — differentiated, disruptive, emotionally resonant. First-mover messaging on cashback model.;High — directly threatens Apollo's potential mid-market customers. Month-to-month product vs Apollo's PPA-only positioning.;Act now — Apollo needs a response for the mid-market. What is our answer to a customer who asks 'why should I sign a PPA when Ampli needs nothing from me?';H;engineeringnews.co.za 15 May 2025 / dailymaverick.co.za;Electricity Minister Ramokgopa attended. Called it 'democratising' green electrons. Discovery CEO Adrian Gore + Sasol CEO Simon Baloyi fronted it. First tranche already fully subscribed at launch. Customers: Nando's, Vida e Caffè, Hatfield Motors, NetFlorist, NGOs.;;;;;;
15-May-25;Discovery Green /Ampli Energy;"White Paper
(Krutham research)";Thought Leadership;'Wheeling for Growth' white paper commissioned by Discovery Green;If SMEs and non-energy-intensive businesses replaced 100% of electricity with renewables, SA would need 16.9GW more generation capacity. This is an economic transformation, not just an energy swap.;Policy makers, investors, media, large C&I buyers;HIGH — independent research gives credibility. Covered in multiple publications.;Strong — smart move to pair product launch with independent research. Positions Discovery Green as market educator.;High — sets the narrative for the mid-market opportunity. Apollo has no equivalent thought leadership piece.;Act — Commission or co-author an independent market insight paper. Apollo needs a thought leadership platform beyond deal announcements.;H;mynewsdesk.com / discovery.co.za 15 May 2025;Research by Krutham (same firm SAETA commissioned). Classic content marketing: fund independent research that validates your product's market rationale.;;;;;;
? THOUGHT LEADERSHIP & INDUSTRY ADVOCACY;;;;;;;;;;;;;;;;;;;
17–18 Feb 2026;NOA Group;"Industry Event
(Mining Indaba 2026)";"Event Appearance +
Deal Announcement";Pan African Resources deal announced at Mining Indaba 2026;NOA is the go-to energy partner for SA's mining sector. 16GW of mining sector renewable initiatives underway — execution matters now, not intent.;Mining sector CEOs, CFOs, investors, Mining Indaba delegates;HIGH — Mining Indaba is the most influential mining event in Africa. NOA CEO Karel Cornelissen pictured with Pan African Resources CEO and CFO.;Strong — deal announcement at a major event = double amplification. Trade press, social, and investor coverage.;High — NOA is aggressively owning the mining sector narrative. Apollo should have a presence at Mining Indaba 2027.;Act — Apollo should target Mining Indaba 2027 for speaking slot and deal announcement timing.;H;noagroup.africa / engineeringnews.co.za Feb 2026;NOA CEO quote: 'With an estimated 16GW of renewable energy initiatives underway in South Africa's mining sector, the focus is increasingly on execution rather than intent.' Strong, confident positioning.;;;;;;
Feb-26;NOA Group;"Op-Ed
(Business Day)";Thought Leadership;'Electricity reform: execution now matters more than intent' — Andrew Taylor op-ed;Traders are essential market infrastructure, not just middlemen. The reform challenge now is implementation, not legislation.;Business community, policy makers, investors, regulators;MEDIUM — Business Day readership. Targeted audience.;Strong — credible, policy-fluent, positions NOA as a market architect not just a participant.;High — NOA's head of trading is building personal brand as THE voice on SA electricity reform. Apollo has no equivalent public voice.;Act — Apollo's MD Jenna Harris or ED Cameron should be submitting op-eds to Business Day and Mail & Guardian. Apollo is SAETA member but not visible in media.;H;businessday.co.za 28 Feb 2026;Andrew Taylor is NOA co-founder and head of trading. Regular op-ed contributor. Apollo needs named spokespeople who are regulars in trade and business media.;;;;;;
17-Feb-26;All SAETA members incl. Apollo;"Press Release +
Report Launch";"Industry Association
Campaign";SAETA 'Policy to Power' report — 10 actions for SA electricity reform;Electricity traders are critical market infrastructure for SA's energy transition. Reform must move from intent to execution. Traders connect generators, customers, finance and networks — they are the market.;Government, NERSA, media, investors, large C&I buyers;HIGH — covered by Engineering News, Mail & Guardian, Bloomberg, Moneyweb, IOL, Green Building Africa, IOL Business Report.;Strong — well-produced, independently researched (Krutham). Good collective brand-building for the trading sector.;Medium — benefits Apollo as SAETA member but Apollo is not individually named or quoted. NOA's Andrew Taylor gets prominent mention.;Monitor — Apollo should ensure a named Apollo spokesperson is quoted in any future SAETA media releases. Don't be invisible in your own industry's biggest PR moment.;M;infrastructurenews.co.za / greenbuildingafrica.co.za Feb 2026;SAETA members named: Africa GreenCo, Apollo, Discovery Green, Enpower, Envusa, Etana, EXSA, Investec, Lyra, Mainstream, NOA, POWERX, Sturdee. NOA's Taylor most quoted. Chairperson Khaya Mbatha quoted. Apollo not individually quoted.;;;;;;
? REBRANDS & WEBSITE REFRESHES;;;;;;;;;;;;;;;;;;;
Dec-24;EXSA;Website / Rebrand;"Rebrand +
New Website";EXSA relaunches with new website and brand — 'A New Era of Energy';EXSA is not just an energy provider — it is your partner in energy transformation. We bring simplicity, innovation and impact to renewable procurement.;Large C&I buyers, potential partners;MEDIUM — industry press noted it. New CEO Wayne Cowie appointed Oct 2024, rebrand followed.;Medium — cleaner brand, better website, but messaging still fairly generic.;Medium — EXSA is professionalising fast under new leadership. Worth watching how their content strategy develops.;Monitor — review EXSA's new resource hub (exsa.io/resources) monthly. They are publishing market education content which could compete with Apollo's positioning.;M;exsa.io Dec 2024 / businesstech.co.za May 2025;New CEO Wayne Cowie started Oct 2024. New exec team: COO Aishah Gire, head of legal Monique Jordaan, head of product Shailin Moodley, head of BD Henri van Eetveldt. Rebrand signal = company entering growth phase.;;;;;;
? SECTOR TARGETING & DEAL COMMS;;;;;;;;;;;;;;;;;;;
Feb-26;Etana Energy;"Press Release +
LinkedIn";Deal Announcement;Etana announces 600GWh/yr PPA with Sibanye-Stillwater;Etana now has 20+ large customer PPAs signed. We are the proven, trusted partner for SA's largest energy users. Our blended wind-solar portfolio delivers more coverage than solar-only competitors.;Large mining companies, C&I energy managers, ESG-focused investors;HIGH — Sibanye-Stillwater is JSE and NYSE-listed. Major news. Covered in multiple international mining and energy media.;Strong — Etana is disciplined in its deal PR. Every major deal gets a well-timed press release with CEO quotes from both parties.;High — Etana is cementing its position as the go-to trader for large mining. Apollo's pure-play independence is a potential differentiator here.;Act — Apollo should develop a clear counter-narrative: 'Unlike IPP-linked traders, Apollo sources from the best project regardless of parent company.' Pure-play independence is underutilised as a message.;H;africanminingmarket.com / cbn.co.za Feb 2026;Third mining PPA for Etana after Tharisa and Petra Diamonds. Operational from late 2027. Etana's guarantee facilities (R2.8bn, unlocking 700MW) are a key message — they use this to differentiate from undercapitalised traders.;;;;;;
Aug 2025 / Feb 2026;NOA Group;"LinkedIn +
Press Release";"Deal Announcement
(Mining sector series)";NOA: Pan African, Tronox, MMC, Netcare, OMREHC deals announced;NOA is systematically building a diversified portfolio across mining, chemicals, healthcare and property. We are not just a mining trader — we serve SA's entire industrial economy.;Mining, industrial, healthcare, property sectors — deliberately diverse;HIGH — sustained deal news cadence. A new announcement every 1-2 months keeps NOA in the media.;Strong — smart diversification messaging. Healthcare angle (Netcare) is unexpected and differentiating.;High — NOA is building a multi-sector narrative before Apollo has established one. Netcare deal signals healthcare sector entry.;Act — Apollo should identify 1-2 unexpected sectors (e.g. agriculture, healthcare, logistics) and make a targeted move. Being first in a sector creates a narrative anchor.;H;noagroup.africa / engineeringnews.co.za various 2025–2026;NOA Netcare deal is notable — no other trader has publicly entered healthcare. Smart positioning to show versatility beyond mining.;;;;;;
Mar-25;Enpower Trading;Press Release;Deal Announcement;Sappi + Enpower reach financial close on 175GWh/yr 5-year PPA;The 5-year PPA model is now proven at scale. Short-tenure, flexible contracts are the future of SA's energy market — we pioneered them.;C&I energy managers, CFOs, sustainability leads at large corporates;HIGH — first 175GWh 5-year PPA at financial close in SA. Engineering News, Sappi global press release.;Strong — Enpower owns the short-tenure narrative. This is a genuine market-shaping claim.;High — short-tenure PPAs are an underserved product category. Apollo needs a clear position on contract flexibility.;Act now — Apollo should build a '3-year PPA' or 'flexible contract' product and communicate it. Enpower is setting the frame.;H;engineeringnews.co.za Feb 2025 / sappi.com Feb 2025;Enpower CEO James Beatty quote: 'Enpower Trading's approach to the five-year PPA model delivers further liquidity to the market by ensuring financial feasibility for developers for a much wider range of projects.' Smart — addresses both IPP and offtaker concerns simultaneously.;;;;;;
Sept-25;Investec Trading;"Press Release +
Website";"Licence Announcement +
Brand Launch";Investec receives NERSA trading licence — 'Shaping SA's energy future, together';As the first major bank in electricity trading, Investec brings financial expertise, risk management and long-term capital to the energy market. We enable access without tying up your capital.;Corporate finance teams, CFOs, treasury, large C&I buyers with existing Investec relationships;HIGH — first bank to trade electricity in SA. PV Magazine, IOL, MarketScreener all covered it.;Strong — slick corporate positioning, leverages existing client trust. Tagline: 'Energy Trading. Shaping South Africa's energy future, together.';High — Investec has deep existing corporate relationships. Could cross-sell electricity trading to current banking clients before Apollo even gets a meeting.;Act — Apollo needs to understand which corporates Investec banks that Apollo is also targeting. These are now dual-approach targets.;H;pv-magazine.com Sep 2025 / iol.co.za Sep 2025;Head of renewable energy trading: Mpho Modise. First project: 50MW Ilikwa Solar PV (Free State), Q2 2026. Investec's leverage: existing corporate relationships + balance sheet + hedging products.;;;;;;
? LINKEDIN & SOCIAL ACTIVITY PATTERNS;;;;;;;;;;;;;;;;;;;
Ongoing 2025–2026;Etana Energy;"LinkedIn
(Company page)";Organic Content;Etana LinkedIn: 734 followers, deal-driven content strategy;Each major deal gets a standalone post with CEO quotes and customer logos. Low volume, high signal. No noise — only meaningful updates.;IPPs, C&I energy managers, investors, policy community;LOW volume — but HIGH quality. Etana does not post often.;Strong — Etana is disciplined. Only posts when there is real news. Avoids the generic green energy content trap.;Medium — Etana's LinkedIn reach is small but credible within the right audience.;Monitor — track Etana's posting cadence. A sudden increase = major announcement incoming.;L;linkedin.com/company/etana-energy;734 LinkedIn followers. Very low posting frequency. All posts are deal/milestone announcements. No thought leadership, no employee content. Contrast with NOA (1,510 followers, more active).;;;;;;
Ongoing 2025–2026;NOA Group;"LinkedIn
(Company page + exec)";"Organic Content +
Executive Personal Brand";NOA LinkedIn: 1,510 followers, active exec personal branding;NOA is building South Africa's energy future. Our engineers, traders and developers are the people making it happen. Energy transition = economic transformation.;Mining sector, policy community, investors, talent market;MEDIUM — 1,510 followers. More active than peers. Mix of deal news and culture posts.;Medium — good mix but some generic energy content dilutes the signal.;Medium — NOA is investing in employer brand alongside commercial comms.;Monitor — watch for NOA building exec personal brand (Andrew Taylor, Karel Cornelissen already active on LinkedIn as named commentators).;L;linkedin.com/company/noa-group-africa;1,510 followers. Andrew Taylor (head of trading) is NOA's most visible public voice — regular op-eds and media appearances. Karel Cornelissen (CEO) quoted in all major deal PRs.;;;;;;
? WHAT TO TRACK GOING FORWARD — GAPS APOLLO SHOULD FILL;;;;;;;;;;;;;;;;;;;
April 2026 onwards;Apollo Africa;[ Multiple channels ];[ Strategic Opportunity ];APOLLO OPPORTUNITY: Apollo is largely absent from public comms despite being a SAETA member;Apollo is mentioned in trade press only when SAETA is mentioned collectively. No standalone thought leadership, no named spokesperson visible in trade media, no op-eds, no white papers.;Apollo's own target customers — large C&I, mining, agri, data centres;Currently LOW — Apollo needs to build its own media presence.;N/A — Apollo has no current comms programme visible in research;Critical — Apollo's competitors are building brand equity through content. Apollo is being outpaced on the comms front.;ACT — Apollo needs: (1) a named spokesperson strategy, (2) a thought leadership article cadence, (3) a deal PR process, (4) a LinkedIn content calendar.;H;Research across all sources — Apollo not found as standalone media subject;Apollo CEO Jenna Harris quoted once in Engineering News (Oct 2024, welcoming NERSA decision). No other Apollo-specific press found. This is a significant comms gap given the company's market position and Reunert backing.;;;;;;
;;;;;;;;;;;;;;;;;;;
COMPETITOR HEADCOUNT & SIZE TRACKER;;;;;;;;;;;;;;;;;;;
Note: Most SA traders are small lean teams. Headcount from LinkedIn, PitchBook, company sites. Treat as estimates unless stated.;;;;;;;;;;;;;;;;;;;
Competitor;Est. Headcount;Confidence;LinkedIn Followers;Tier;Source / Notes;Last Updated;;;;;;;;;;;;;
Etana Energy;~10 (core team);Medium – PitchBook states 10;734;Tier 2 (Mid);PitchBook: 10 employees. Lean trading platform. Backed by H1 Holdings / Chariot. Acquired by H1 Mar 2025.;Mar-26;;;;;;;;;;;;;
NOA Group;30–50 (est.);"Medium – Crunchbase <50; team page shows ~15 named execs";1,51;Tier 1 (Large);"Crunchbase: <50. Own team page lists ~15 senior roles (CEO, CIO, CTO, Head Dev, Head Growth etc). Fast-growing; founded 2022.";Mar-26;;;;;;;;;;;;;
Enpower Trading;~15–25 (est.);Low – no public data;883;Tier 2 (Mid);"LinkedIn 883 followers. Cape Town based. Pioneer trader; founded circa 2021. Lean team assumed.";Mar-26;;;;;;;;;;;;;
EXSA;~20–35 (est.);Low – no public data;N/A;Tier 2 (Mid);New exec team appointed Oct 2024 (CEO Wayne Cowie + 4 execs). Remgro / RMB backed. Scaling up post-rebrand.;Mar-26;;;;;;;;;;;;;
GreenCo Power Services;~25–40 (est.);Low – no public data;N/A;Tier 2 (Mid);Regional platform across Zambia, Zimbabwe, Namibia, SA. SA entity incorporated Jul 2022. Cross-border focus.;Mar-26;;;;;;;;;;;;;
Discovery Green /Ampli Energy;~20–30 (est.);Low – embedded in Discovery Group;N/A;Tier 2 (Mid);Discovery Green is a Discovery Holdings business unit. Team size not disclosed separately. Ampli launched May 2025 with Sasol JV.;Mar-26;;;;;;;;;;;;;
SolarAfrica Trading;~50–100 (est.);Low – IPP with trading arm;N/A;Tier 1 (Large);Large IPP with trading subsidiary. AIIM + Helios backed. SunCentral 1 GW project underway. Main entity likely larger.;Mar-26;;;;;;;;;;;;;
Sola Group;~50–150 (est.);Low – vertically integrated IPP;N/A;Tier 1 (Large);AREP / Rainbow Energy backed. 100% SA, vertically integrated since 2008. Large development + operations team expected.;Mar-26;;;;;;;;;;;;;
Solink;~10–20 (est.);Low – niche advisor/facilitator;N/A;Tier 3 (Small);Technical advisor and project facilitator. IPP category. Small specialist team.;Mar-26;;;;;;;;;;;;;
Energy Brokers;~5–10 (est.);Low – broker model;N/A;Tier 3 (Small);Brokerage model, not full trader. Very lean team assumed.;Mar-26;;;;;;;;;;;;;
Envusa Energy Trading;~30–60 (est.);Low – JV of two large corporates;N/A;Tier 1 (Large);50/50 JV between EDF Renewables SA and Anglo American. Targets 3–5 GW by 2030. Development + trading team embedded in parent orgs.;Mar-26;;;;;;;;;;;;;
Green Electron Market;~20–40 (est.);Low – Sturdee Energy subsidiary;N/A;Tier 2 (Mid);Sturdee Energy (medium-large IPP) backs this. Sub-Saharan Africa focus.;Mar-26;;;;;;;;;;;;;
Lyra Energy;~10–20 (est.);Low – new platform (est. 2024);N/A;Tier 2 (Mid);"Founded 2024. JV: Scatec (50%) + Standard Bank + Stanlib. Lean platform; parent orgs carry heavy lifting.";Mar-26;;;;;;;;;;;;;
Investec Trading;~5–15 (est.);Low – new trading division;N/A;Tier 2 (Mid);Trading arm within Investec Bank (large institution). Licence granted Sep 2025. First project Q2 2026. Small dedicated trading team.;Mar-26;;;;;;;;;;;;;
Solis Energy Trading;~10–20 (est.);Low – Mainstream RP subsidiary;N/A;Tier 2 (Mid);Mainstream Renewable Power backed. Limited public info on team size.;Mar-26;;;;;;;;;;;;;
LinkSolar (Pty) Ltd;~5–15 (est.);Low – very limited public info;N/A;Tier 3 (Small);Very limited public info. Small operator assumed.;Mar-26;;;;;;;;;;;;;
Neura Trading;~10–20 (est.);Low – tech-focused trader;N/A;Tier 2 (Mid);Neura Group backed. Proprietary tech / hardware / software focus.;Mar-26;;;;;;;;;;;;;
BluEnergy Trading;~20–40 (est.);Low – Blu Label subsidiary;N/A;Tier 2 (Mid);Subsidiary of JSE-listed Blu Label Unlimited. Licence granted Feb 2026. Cigicell partnership gives reach into 95+ municipalities.;Mar-26;;;;;;;;;;;;;
Anthem;~50–100 (est.);Low – large IPP;N/A;Tier 1 (Large);One of SA's largest IPPs. 2GW+ asset portfolio, 11GW+ pipeline. Large development + ops team.;Mar-26;;;;;;;;;;;;;
PowerX;~15–30 (est.);Low – pioneer trader;N/A;Tier 2 (Mid);SA's first licensed private trader (formerly Amatola Green Power). Small but experienced team. CEO Thembani Bukula.;Mar-26;;;;;;;;;;;;;
NTCSA;~1,000+ (est.);High – national TSO;N/A;Tier 1 (Large);National Transmission Company of South Africa. Government SOE, not a commercial trader. Tracks relevant as grid operator.;Mar-26;;;;;;;;;;;;;
Eskom Green;~500–2,000 (est. dedicated renewables team within Eskom Holdings);Low — Eskom Green is new subsidiary, exact headcount unknown;Eskom Holdings: 47,000+ total (Eskom Green is a carve-out);Tier 1 (Large) — SOE;Eskom Green formally approved Dec 2025. Eskom Holdings employs ~47,000 people total. Renewables division (precursor to Eskom Green) had dedicated team. Eskom Green will carve out relevant staff from existing Eskom. CRITICAL: Eskom's institutional infrastructure, customer billing relationships, and grid ownership give it structural advantages no private trader can replicate.;Apr-26;;;;;;;;;;;;;
